listing_id,date,actual_price,predicted_price,optimal_price,price_difference,price_change_pct,booking_probability,expected_revenue,actual_booked,actual_revenue
1064714,2024-12-11,58.16616114414988,58.68877252022301,500.0,441.8338388558501,759.606324647897,0.27984811428477624,49.993760551212766,False,0.0
1006980,2024-10-22,129.67570594352014,130.37527185879406,500.0,370.32429405647986,285.5772338866414,0.48802910933805044,145.61389687959843,True,129.67570594352014
1283706,2024-07-26,58.21276576833087,54.6208471433784,500.0,441.7872342316691,758.9181314453399,0.4725903222255404,79.33427098912773,False,0.0
1275332,2024-08-15,81.79544163383977,73.5668843837026,500.0,418.2045583661602,511.28100785648655,0.2928228677561067,62.235996284339535,False,0.0
537088,2024-12-11,119.35112706886856,135.12379699194912,500.0,380.64887293113145,318.93194666815975,0.3185613535491282,96.75902631568137,False,0.0
1291712,2024-10-25,52.27534381570293,45.07736185353676,460.0,407.7246561842971,779.955953272604,0.21993393548179424,30.669173107098086,False,0.0
1000094,2024-08-15,101.30717010581267,109.91012115626938,500.0,398.6928298941873,393.5484817883701,0.45385508386083506,123.79270841865527,False,0.0
1073777,2024-10-21,47.32125517873689,58.673221529119445,500.0,452.6787448212631,956.6076451511108,0.45728352270921774,81.67371797230813,False,0.0
1047364,2024-09-05,115.42085012347324,148.50806337054618,500.0,384.57914987652674,333.1972944793919,0.3866181457274095,122.90771541398107,False,0.0
137107,2024-10-23,130.591980084889,115.92933277219298,500.0,369.408019915111,282.8719035234659,0.3687014308206711,103.5151042612925,False,0.0
1875501,2024-10-15,503.486619883389,585.0114292803394,500.0,-3.4866198833889825,-0.6924950427076906,0.32633779794337686,170.8552939712148,False,0.0
98914,2024-08-16,139.57696489333074,131.74331814458682,500.0,360.42303510666926,258.2252991259097,0.4448977251998029,133.4413360429384,True,139.57696489333074
1820886,2024-10-19,72.34116793899892,69.29680266706798,500.0,427.6588320610011,591.1693773338312,0.32363834819744897,65.88260556937149,False,0.0
1120341,2024-07-01,132.68272360687197,125.96720792745462,500.0,367.31727639312805,276.8388124752843,0.35328690552825104,103.5879700417809,False,0.0
67225,2024-12-12,76.89696127058603,90.70701387383083,500.0,423.103038729414,550.220752209692,0.3001730965763528,73.22842397825532,False,0.0
1275332,2024-12-30,47.99542586474628,49.95732528420179,500.0,452.00457413525373,941.7659412149549,0.2513295153733791,38.8264283716048,False,0.0
786859,2024-11-18,35.25088541804652,37.48902194809016,390.0,354.74911458195345,1006.3551890255255,0.34986955899494354,40.57593462483841,True,35.25088541804652
281601,2024-10-08,62.37957728674011,55.65449865876787,500.0,437.62042271325987,701.5443863969305,0.09988461564760094,17.04862804391355,False,0.0
1701321,2024-12-14,146.35886026298223,165.80415049540082,500.0,353.64113973701774,241.62605468612162,0.30257863253309614,101.19133472972351,True,146.35886026298223
816921,2024-09-02,86.12974327015948,85.29627639108276,500.0,413.87025672984055,480.5195522662496,0.3275077351387734,76.8753683939455,False,0.0
540104,2024-09-05,213.99686069865265,223.9895623005807,500.0,286.00313930134735,133.6482873475854,0.3785660515627912,143.68425399209002,True,213.99686069865265
668405,2024-12-02,122.164889002716,100.80690586538232,500.0,377.835110997284,309.28289959718614,0.30327265972308587,78.78714810810725,False,0.0
995311,2024-11-10,68.586802336,74.23124849201058,500.0,431.413197664,629.003223609331,0.39724733676181684,84.96586842284678,False,0.0
478248,2024-10-06,89.26954354467232,71.95223226391354,500.0,410.73045645532767,460.1014412600751,0.34950558285586913,73.11976728871481,False,0.0
1242969,2024-12-31,194.3189746106844,175.8149084931824,500.0,305.6810253893156,157.30889173419308,0.3060285312893463,105.03619984144945,False,0.0
668536,2024-07-06,211.9481026392781,201.8657597937922,500.0,288.0518973607219,135.90680632370064,0.23383233101307077,85.10309527525497,False,0.0
442162,2024-10-14,121.32136190497854,117.08636540607507,500.0,378.6786380950215,312.128575008588,0.3870644168481283,109.24721289172075,False,0.0
1160557,2024-10-18,45.5180646200578,47.125672717556036,490.0,444.48193537994223,976.495681637744,0.35559139194800765,51.84047491036188,False,0.0
735328,2024-08-16,106.27792667849228,104.18109965823442,500.0,393.7220733215077,370.4645787008811,0.5192978976038507,137.47289863813083,False,0.0
602090,2024-10-03,138.8274548205296,167.96582081897452,500.0,361.1725451794704,260.15930757095515,0.3759456854807752,126.4579261503313,False,0.0
1563086,2024-10-07,126.46666487158352,135.50760135642554,500.0,373.53333512841647,295.3611020799108,0.2831653145518905,86.12839623220643,False,0.0
1402921,2024-11-23,182.31212435750865,168.55970317020106,500.0,317.68787564249135,174.25493601265646,0.2900281938958918,97.71116167725748,False,0.0
590141,2024-12-24,86.79647759416551,80.86676998812395,500.0,413.2035224058345,476.0602432944931,0.20630491950032026,46.775356175706484,False,0.0
501331,2024-11-03,136.89266275986787,127.51622272986833,500.0,363.1073372401321,265.24967074172685,0.3429283153884505,101.17939601751688,False,0.0
1724696,2024-07-06,349.28278004263126,450.73666395847863,500.0,150.71721995736874,43.15048681729261,0.3745711984901457,181.45774954904059,False,0.0
1608237,2024-11-22,66.80549558910026,83.11558795978482,500.0,433.19450441089975,648.4414202618058,0.5222695014343737,120.56258493217608,True,66.80549558910026
1358668,2024-08-28,151.9601280391129,148.5903577725216,500.0,348.0398719608871,229.03367906567266,0.33521677724815874,106.5948360315762,False,0.0
368818,2024-08-05,217.6156473932724,203.54770435197,500.0,282.3843526067276,129.762889750481,0.3206970213924143,117.11657824578553,True,217.6156473932724
1181948,2024-10-08,34.49300579504053,37.92872684707259,390.0,355.5069942049595,1030.6640027761075,0.18874157327819568,22.146702144079935,False,0.0
1460133,2024-12-16,567.9523109651192,667.6647539338571,500.0,-67.95231096511918,-11.964439558252362,0.40243996540916704,218.67650540897063,False,0.0
1013729,2024-11-29,111.0250971982043,101.02011374483928,500.0,388.9749028017957,350.34862622762637,0.3712827460624635,96.57314161011767,False,0.0
1338495,2024-10-23,96.49621437195806,108.11188330493965,500.0,403.50378562804195,418.1550418886699,0.414894558964084,112.13927067303581,False,0.0
593157,2024-07-28,116.43401447050356,111.67377678156531,500.0,383.56598552949646,329.42777698922845,0.5825596802377396,160.28900790170312,True,116.43401447050356
222301,2024-09-06,392.0778159854344,384.7557437952561,500.0,107.92218401456557,27.525705259125104,0.45304496526365057,208.71785646319276,False,0.0
897505,2024-08-31,179.45877586938784,151.72711745770292,500.0,320.54122413061214,178.61551912284622,0.2567816851446985,82.4580760900299,False,0.0
1517387,2024-11-05,150.407657855497,184.50238660891225,500.0,349.592342144503,232.42988231381884,0.4795504961175237,168.06237734089757,False,0.0
1172755,2024-09-23,91.812797771708,79.98471299527282,500.0,408.187202228292,444.58638897296987,0.43328653110680243,97.52591520709632,False,0.0
649223,2024-12-30,22.26576635629661,24.900300333668998,260.0,237.7342336437034,1067.7118848706223,0.2705334866430235,20.838507929780995,True,22.26576635629661
1693837,2024-09-25,86.48183757563481,92.49373319783842,500.0,413.5181624243652,478.15607764198205,0.34903715327088664,86.17026419322458,False,0.0
179683,2024-07-20,239.01104346795603,213.73705434781618,500.0,260.98895653204397,109.19535463516543,0.36901076874822436,137.46417440825488,True,239.01104346795603
471178,2024-08-24,121.90880721552544,111.20954870421416,500.0,378.0911927844746,310.1426397487741,0.41455938152309607,113.80534817413955,False,0.0
1611051,2024-10-07,549.1126984138496,591.1890284366708,500.0,-49.11269841384956,-8.944010684093634,0.2910181180159939,152.82209896719894,False,0.0
1369933,2024-09-21,71.56834162134133,75.0599022802978,500.0,428.43165837865865,598.6329271753062,0.3425336276800069,73.83372596629553,False,0.0
1166282,2024-10-31,78.14477909425645,76.82591856994244,500.0,421.8552209057435,539.8380106710794,0.28670929001912177,62.80083010210627,True,78.14477909425645
1342045,2024-11-06,59.58089409799815,56.12392276009657,500.0,440.41910590200183,739.1951943144799,0.4502120017743972,77.41085088036866,False,0.0
923039,2024-10-04,79.03936528823806,93.20843952978166,500.0,420.96063471176194,532.5961730292457,0.39096291988764414,96.97230244348847,False,0.0
653985,2024-08-22,546.2660889420438,502.53666095598896,500.0,-46.26608894204378,-8.469515109687212,0.4634833680912507,232.09350240351057,False,0.0
97137,2024-11-02,236.42806733789232,225.5296583240363,500.0,263.57193266210766,111.48081343718914,0.27702711557738224,105.43002006773432,True,236.42806733789232
538897,2024-10-22,21.397468827079873,16.503053369124935,170.0,148.60253117292012,694.4864945187071,0.4532946892537258,23.14300385344233,False,0.0
1397612,2024-10-08,271.3063450722823,298.6060981687292,500.0,228.69365492771772,84.29351509150604,0.40026296124407273,169.1821803631509,False,0.0
690011,2024-08-07,129.20459493180064,150.17886503451953,500.0,370.79540506819933,286.98314116763413,0.4441351208576178,141.93796230275663,False,0.0
1043732,2024-08-07,413.9369721687117,425.54268631897736,500.0,86.06302783128831,20.791336270443338,0.3927532198095157,186.87731350819746,True,413.9369721687117
1084850,2024-12-10,79.17683796371834,86.7005673358359,500.0,420.82316203628164,531.4978128188421,0.31303230119308806,74.24432797447233,True,79.17683796371834
1166110,2024-11-24,266.95292427549896,268.5817196783876,500.0,233.04707572450104,87.29894094885185,0.34749833283035747,141.3560907452978,True,266.95292427549896
1875501,2024-09-20,776.2637798191796,853.5565250553892,500.0,-276.2637798191796,-35.5889050863009,0.5402317797179629,313.4535805431891,False,0.0
1785760,2024-12-10,98.83262228305482,111.85109734608199,500.0,401.16737771694517,405.90583195092114,0.3086765115857487,85.0045910027823,False,0.0
157574,2024-11-16,198.2160750340579,214.85256251705385,500.0,301.7839249659421,152.24997514156658,0.29965921983851834,111.86326346657953,False,0.0
1134744,2024-10-13,159.71013766353462,191.90938408006875,500.0,340.2898623364654,213.0671648742565,0.298961994068084,106.53877803147614,False,0.0
541251,2024-09-20,180.42924390447695,193.41898767088438,500.0,319.57075609552305,177.11694023653425,0.45963730228470673,164.33761733278882,False,0.0
831228,2024-09-10,107.04059847804588,112.11852757919094,500.0,392.95940152195413,367.11248545807643,0.23938395309206906,66.00827565333752,True,107.04059847804588
970205,2024-10-06,173.15967636531605,153.73477319961975,500.0,326.84032363468395,188.75082842332583,0.36137231928124836,116.75690834351539,True,173.15967636531605
598380,2024-07-24,70.23578700936764,71.27079783364042,500.0,429.76421299063236,611.8878014897347,0.284497335472798,59.11336465679777,False,0.0
767187,2024-11-09,94.8852284620204,102.53732255263783,500.0,405.1147715379796,426.9524119870086,0.45892684321314337,120.3961592170341,False,0.0
931107,2024-08-03,219.66458906172576,184.25632526013976,500.0,280.3354109382742,127.61975525308722,0.5143454210527648,180.15358011170494,False,0.0
855790,2024-10-17,48.947096352867824,47.98181920634556,490.0,441.05290364713215,901.0808332071587,0.2645399421261865,39.26652783089114,False,0.0
1070797,2024-11-03,229.34597017828796,244.7100680145387,500.0,270.654029821712,118.01124284473461,0.43161911303239076,169.54857782283923,True,229.34597017828796
897042,2024-11-08,152.56543532652628,163.0389504060576,500.0,347.4345646734737,227.7282294838809,0.5621358444162767,186.57690884805623,False,0.0
1662123,2024-10-16,46.48032889536684,63.29750199831669,500.0,453.5196711046332,975.7238855292179,0.385432136744451,73.22658083378138,False,0.0
999426,2024-11-25,57.806420027768205,65.6598442094251,500.0,442.1935799722318,764.955829750082,0.2387176811654709,46.66498973175946,False,0.0
897505,2024-11-08,122.28862509350536,111.7067488270902,500.0,377.71137490649465,308.868772232647,0.29362870888696224,80.80378827194927,False,0.0
663009,2024-09-01,128.6831264738213,136.85528785802444,500.0,371.3168735261787,288.551330466561,0.3509655442632981,107.27170483693443,False,0.0
1420371,2024-09-14,117.89365837838628,101.70314145839427,500.0,382.10634162161375,324.11102249047366,0.34572499947695695,90.27485240585354,True,117.89365837838628
967870,2024-09-17,141.68920151036994,125.66866363848409,500.0,358.3107984896301,252.8850432285103,0.42852878890869084,125.49727143797101,True,141.68920151036994
1337450,2024-08-21,90.06935652376484,119.07403350045855,500.0,409.93064347623516,455.127758538027,0.4970459428121125,141.54407122566906,False,0.0
661553,2024-07-14,296.01387609138266,323.5128123181489,500.0,203.98612390861734,68.91100059297376,0.32858126112837455,142.83249757587393,True,296.01387609138266
106236,2024-11-18,36.442985875794015,33.40133853456669,340.0,303.557014124206,832.9641680810605,0.37508174487692075,38.75507240780767,False,0.0
386378,2024-07-20,105.54804773495135,105.74135876213897,500.0,394.45195226504865,373.7179045277871,0.2849500431092204,76.06975069804557,True,105.54804773495135
1148137,2024-12-28,73.63246446829184,66.16316560852444,500.0,426.36753553170814,579.0483024173578,0.2731595154412801,53.710637067421025,False,0.0
1871448,2024-09-18,138.9320888499953,135.64859740211006,500.0,361.0679111500047,259.88806051843716,0.47787097379408366,145.4251882591033,False,0.0
1679751,2024-10-17,174.1484919602173,200.80143962251944,500.0,325.8515080397827,187.1113004608852,0.3841091311151358,139.4916388757265,False,0.0
221009,2024-07-14,372.1853905962085,389.868525572691,500.0,127.81460940379151,34.34165140094394,0.4448191182047056,205.80900769020948,True,372.1853905962085
1869284,2024-10-14,42.99984035154088,49.39022445454541,500.0,457.0001596484591,1062.7950148472648,0.5053058819061289,77.1964199520697,False,0.0
931107,2024-07-17,145.99661292113717,150.78741777991186,500.0,354.00338707886283,242.47369853031074,0.46702317064168164,149.53588634444233,False,0.0
214057,2024-11-14,126.23979234508968,117.09633586276881,500.0,373.76020765491035,296.0716274256834,0.31693660452037786,89.45799739033961,False,0.0
1166143,2024-12-15,112.78785490519586,104.97152500595841,500.0,387.21214509480416,343.3101422314277,0.3180607404061173,84.56031344560625,False,0.0
653887,2024-09-28,209.07548173808945,197.0910523146131,500.0,290.9245182619105,139.14807984340987,0.40644421309380163,146.4656910620762,False,0.0
1211912,2024-10-04,358.1148248500168,296.9087557878187,500.0,141.88517514998318,39.62002277046379,0.25939996490594697,109.4207458576751,False,0.0
520248,2024-12-17,84.51756957494322,81.42450991549674,500.0,415.4824304250568,491.59296997607254,0.35028228959304053,79.78037662258238,False,0.0
265080,2024-07-15,109.50608570684602,89.23700393940364,500.0,390.493914293154,356.59562824529064,0.37341565264112747,90.18105809977148,True,109.50608570684602
1794649,2024-10-02,73.29687900162517,61.63464820913463,500.0,426.70312099837486,582.1572852902971,0.3440941313947134,63.99889770695043,True,73.29687900162517
83438,2024-12-08,55.85129280920357,50.76459626433484,500.0,444.1487071907964,795.2344249363668,0.38412482240180884,60.26482996158629,False,0.0
1245438,2024-12-05,145.59902068433738,148.3847496779175,500.0,354.40097931566265,243.40890319860983,0.3476533071871928,110.47729205328261,False,0.0
1517387,2024-11-06,154.46981257798686,183.78867382200917,500.0,345.5301874220131,223.6878401387106,0.4880362729560752,170.7525563355292,False,0.0
1634384,2024-09-20,82.90501168623284,62.148033294342575,500.0,417.09498831376715,503.0998486464597,0.3025995694164029,56.657733052068345,False,0.0
483864,2024-12-29,89.17647737114842,106.27024775768488,500.0,410.8235226288516,460.6859731844115,0.45022295538129464,120.52765156372739,False,0.0
1895639,2024-09-10,214.468633990312,235.42834406685392,500.0,285.531366009688,133.1343239788556,0.4211049532129175,162.97594407052173,False,0.0
1837819,2024-11-18,72.07754614374528,76.28298903412869,500.0,427.9224538562547,593.6973117853414,0.3796874031088282,82.76284768717922,True,72.07754614374528
1168615,2024-12-08,126.30645687237028,112.36553676900253,500.0,373.6935431276297,295.8625808855032,0.2793951904940019,77.13329434724423,False,0.0
1879158,2024-11-14,41.271437720152235,47.574548592036855,490.0,448.7285622798478,1087.2617652007316,0.4139090848920038,60.91922291121889,False,0.0
353872,2024-12-18,44.39108661663409,43.141942841562035,440.0,395.6089133833659,891.1899742393883,0.18528894580686323,24.728508035111105,False,0.0
456927,2024-10-12,168.3288731765311,148.94520932853393,500.0,331.6711268234689,197.03757327219574,0.4343401539077668,138.27026065137554,True,168.3288731765311
137964,2024-12-03,605.4234226144115,649.5645379530495,500.0,-105.42342261441149,-17.413172116658373,0.14739165651824768,79.48155725755578,False,0.0
788800,2024-07-29,53.821174521779554,61.843032087228536,500.0,446.17882547822046,829.0023943971484,0.3500251913234112,65.27924327961335,False,0.0
1047071,2024-08-30,281.0864490251611,249.18380350327772,500.0,218.91355097483893,77.88121829922979,0.3679675712301552,145.54493782967018,False,0.0
1878751,2024-08-24,237.05258446831505,212.03071528599645,500.0,262.94741553168495,110.92366536372063,0.36761256432841294,136.5013302988153,False,0.0
647557,2024-10-26,115.62949836622586,110.64560907322135,500.0,384.37050163377415,332.4156093943971,0.38197689615684693,104.56947661146619,False,0.0
58664,2024-08-21,191.13172300887317,180.58426622976557,500.0,308.86827699112683,161.5996926772788,0.34256263047934077,118.9509041262759,False,0.0
568220,2024-10-16,117.71531296859484,118.36151361782584,500.0,382.28468703140516,324.7535748670137,0.28318082879202555,80.3866346370829,False,0.0
672655,2024-11-15,126.2955237113012,123.02937072052953,500.0,373.7044762886988,295.89684994928996,0.3720089461644769,107.76066928095459,False,0.0
574812,2024-11-05,137.24896181442114,125.99458493090606,500.0,362.75103818557886,264.30148060141,0.39698984506910356,116.41513809922616,True,137.24896181442114
948914,2024-09-04,77.12112528015,94.58866022775541,500.0,422.87887471985,548.3307889812309,0.3210737183830946,80.34530265673575,False,0.0
790296,2024-08-09,40.90433612709165,48.296706566851306,500.0,459.09566387290835,1122.3642951849336,0.36368505437151666,54.33938083696532,False,0.0
918310,2024-11-08,222.508580077258,236.63444654750327,500.0,277.491419922742,124.71043580719146,0.512905413726649,198.89767461002214,True,222.508580077258
650227,2024-10-11,179.71264008465891,139.07688513810538,500.0,320.2873599153411,178.2219435229822,0.5889512952746411,181.43399794964654,False,0.0
1087934,2024-12-19,39.982625812213016,35.36198466385362,360.0,320.01737418778697,800.3910890965923,0.4139145135963726,45.2779430220671,True,39.982625812213016
1180152,2024-12-17,165.95511229974008,136.04284104546625,500.0,334.0448877002599,201.2862894497183,0.2100888469330121,64.02547146147727,True,165.95511229974008
1942406,2024-08-05,143.55737133787397,157.25792248850547,500.0,356.442628662126,248.29280819248856,0.4288055271212778,140.0015212489058,False,0.0
1839195,2024-08-31,175.54905588639505,155.93072944081393,500.0,324.4509441136049,184.8206716210256,0.2893603607697942,94.10594008320818,False,0.0
1112254,2024-11-25,73.93324989152464,63.893325351732756,500.0,426.0667501084754,576.2857046506185,0.26206498438524667,50.15688478240621,False,0.0
1245438,2024-11-04,181.35330648920075,187.42338686508685,500.0,318.64669351079925,175.70492630073667,0.3536298104813045,124.76565723211785,False,0.0
586014,2024-11-07,116.71816129815195,90.86615101746162,500.0,383.2818387018481,328.382348075866,0.36246215193404246,88.51938985626221,False,0.0
1623692,2024-10-02,104.01282669817948,97.40237072193659,500.0,395.9871733018205,380.70994306392737,0.4492985972895765,114.40776287084839,False,0.0
948611,2024-10-11,89.47876287186631,69.44830387261,500.0,410.5212371281337,458.791811545272,0.44355298927423426,90.43876112967385,True,89.47876287186631
327309,2024-12-25,49.942967157088475,63.565885906239174,500.0,450.05703284291155,901.1419594421,0.4140161904103483,78.91990136514097,True,49.942967157088475
590141,2024-10-10,91.02230608768193,105.0437006310914,500.0,408.97769391231805,449.3159001249092,0.3125456679911508,83.12628805057332,False,0.0
44672,2024-09-08,155.0861276567286,177.1723496932665,500.0,344.9138723432714,222.40149880246682,0.33416912817746236,115.08023975592114,False,0.0
1541565,2024-08-25,80.462329774906,68.9311587040385,500.0,419.537670225094,521.4088026021046,0.4203706079297097,85.24066315110353,False,0.0
1146221,2024-07-10,178.08368394508608,195.75121162416482,500.0,321.9163160549139,180.76687820214912,0.15297685183006807,54.97000802016559,True,178.08368394508608
593117,2024-12-19,20.801597231093268,24.644888355252714,250.0,229.19840276890673,1101.8307883892278,0.32624813505909467,24.870921194283607,False,0.0
492656,2024-07-06,144.17444395612674,173.18854328351824,500.0,355.82555604387323,246.80210048332376,0.3600595938224756,122.76804786454737,False,0.0
988901,2024-11-01,90.95701017108708,84.12628595864062,500.0,409.04298982891294,449.71024120022946,0.3554747232568459,82.703556977435,False,0.0
137342,2024-08-02,200.7710880340734,218.3623575880382,500.0,299.2289119659266,149.03984178994122,0.4238855260442147,159.2674269570812,False,0.0
1260142,2024-10-09,84.49116556378756,77.23057154238528,500.0,415.50883443621245,491.7778464335651,0.3365629830319798,73.98599863272932,False,0.0
1611051,2024-10-02,649.665431401232,580.154998271812,500.0,-149.665431401232,-23.037308769596354,0.19127586088980586,99.90397149665266,False,0.0
459557,2024-12-07,370.0730820301095,372.1157598859099,500.0,129.9269179698905,35.10844864942636,0.38902619527400584,177.27516543976623,False,0.0
435366,2024-08-19,1712.9389565418453,1470.9422312775246,500.0,-1212.9389565418453,-70.81040173145333,0.36435821359610293,241.1532354661113,False,0.0
639366,2024-11-14,90.35624150463792,81.80019520397875,500.0,409.6437584953621,453.3652038573731,0.21750746584441696,49.68973929410973,False,0.0
976409,2024-07-20,145.6691499222497,136.2030283636764,500.0,354.3308500777503,243.24357646548563,0.21300788778866717,64.95266125435434,False,0.0
86944,2024-08-28,239.21970381881985,265.4721854299316,500.0,260.7802961811801,109.0128831438943,0.21329178181856204,86.39069999805123,False,0.0
933646,2024-12-10,88.56367756461695,86.9120440068849,500.0,411.43632243538303,464.5655349341099,0.3158558646849917,75.02943749233044,False,0.0
1825581,2024-08-16,53.26203635694546,56.426681109136155,500.0,446.7379636430545,838.7549447962464,0.29254919712226196,50.537903827080946,True,53.26203635694546
1258561,2024-09-02,221.39737487423827,195.77216010551717,500.0,278.60262512576173,125.83826943929128,0.4484398336151265,161.14753378876205,True,221.39737487423827
1235764,2024-09-30,58.48876233208023,57.88952579498212,500.0,441.5112376679198,754.8650716203604,0.21332658981387617,37.671183614420585,False,0.0
1047224,2024-08-05,125.81720573916571,150.86565990897176,500.0,374.18279426083427,297.40192691654624,0.40512695545631433,129.7488963051762,True,125.81720573916571
1080205,2024-09-08,13.18250695467419,10.580345431986432,110.0,96.8174930453258,734.4391577278609,0.2893349575905217,9.470246921921465,False,0.0
781190,2024-10-14,33.45126339312681,30.46285414655315,310.0,276.5487366068732,826.721350870399,0.29221199892776833,27.536312659331244,False,0.0
716436,2024-09-25,89.30253509910709,95.01257559528773,500.0,410.6974649008929,459.8945197301564,0.32500038089810945,81.54590207757145,False,0.0
1558489,2024-10-16,82.26998715188275,94.44586099248232,500.0,417.73001284811727,507.7550481160584,0.39150457387363596,97.88115506114687,False,0.0
1613014,2024-12-21,103.63822914623508,103.86950853929542,500.0,396.36177085376494,382.44745603911525,0.2866939109384344,75.76720677902354,False,0.0
152261,2024-12-16,93.53686170556593,82.76109625464811,500.0,406.4631382944341,434.54861632400423,0.35418421479232637,81.53409173532167,True,93.53686170556593
1242790,2024-07-25,128.19986281126543,105.42002333771318,500.0,371.80013718873454,290.01601798599035,0.4188724199698333,111.63020118035975,False,0.0
475278,2024-08-17,73.43825492497295,66.93806890576117,500.0,426.56174507502703,580.8440648689394,0.5639360538606508,111.87022950017388,False,0.0
492656,2024-07-10,136.45680230204746,161.5507345145218,500.0,363.54319769795256,266.416324847807,0.3788894539386147,125.23496436347223,False,0.0
1285215,2024-07-25,85.8260842472554,93.65368989807261,500.0,414.1739157527446,482.5734733039383,0.4991524993667993,124.1638645576466,True,85.8260842472554
1552933,2024-11-18,154.83559385140578,177.17312091474219,500.0,345.16440614859425,222.92316486340033,0.3547566942401717,122.17036042822212,True,154.83559385140578
1607348,2024-08-08,299.9258289406696,275.23997329870093,500.0,200.0741710593304,66.70788300093636,0.4893193093511325,200.84369771836458,False,0.0
1457126,2024-11-10,64.12113741901368,53.94248980745117,500.0,435.8788625809863,679.7740653485916,0.3444881253542517,57.183842584120555,False,0.0
414037,2024-10-05,146.6808186824046,171.87113986002026,500.0,353.3191813175954,240.87619941814418,0.25379326836699984,86.24416464512136,False,0.0
502133,2024-10-24,87.47276480589787,105.15120404950937,500.0,412.5272351941021,471.6064892992697,0.43844768853544785,116.67912370252654,False,0.0
1638333,2024-12-22,109.69809741309604,98.36950037323895,500.0,390.30190258690396,355.7964192552247,0.4851754552435964,124.26236389011848,True,109.69809741309604
1400830,2024-10-16,41.48803440742837,41.789411167964424,430.0,388.51196559257164,936.4434134845615,0.46349297267121975,59.921601286375605,False,0.0
1884129,2024-08-06,220.3157155060732,276.3240606429299,500.0,279.68428449392684,126.94704227135223,0.382504773251987,157.22664839462678,True,220.3157155060732
1008091,2024-12-06,426.32008241297706,493.44667750581885,500.0,73.67991758702294,17.282769596495122,0.31880545423126966,158.7718129538843,False,0.0
1580971,2024-08-29,670.265109330531,667.3839972637044,500.0,-170.265109330531,-25.402651422598122,0.2861348774724246,155.46097708406404,False,0.0
1799030,2024-12-20,972.1968366667288,1190.754509616087,500.0,-472.1968366667288,-48.570085692286504,0.19823088980728548,124.91720711062808,False,0.0
878679,2024-08-01,389.57838856751425,418.93860682182543,500.0,110.42161143248575,28.34387498713872,0.4653237973850205,220.31566858469614,False,0.0
1398653,2024-10-09,249.3999032003139,245.57355001855692,500.0,250.6000967996861,100.4812325842838,0.40153709353297584,157.94391686711253,False,0.0
497159,2024-09-08,182.91192950184447,212.88465560454785,500.0,317.0880704981555,173.3555987090268,0.5080359524870333,188.9494221970652,True,182.91192950184447
1247892,2024-08-01,112.52035386455526,120.70067248871112,500.0,387.47964613544474,344.36404866080295,0.3877069994789607,111.19663173141275,False,0.0
948914,2024-08-14,89.87876465921877,94.83094649331619,500.0,410.12123534078125,456.3049313102853,0.2921544128954616,73.22066059185804,False,0.0
1203713,2024-11-02,126.57319280650304,103.95067992971954,500.0,373.426807193497,295.02835388245904,0.368098626128941,97.32390319532706,False,0.0
956691,2024-10-30,91.84129484695798,75.25034308597763,500.0,408.15870515304204,444.41741139776764,0.3804292939556204,82.1468030153107,False,0.0
530164,2024-09-17,100.17883075714506,102.13339633740115,500.0,399.8211692428549,399.1074423818212,0.4038387655717959,105.70509982745192,False,0.0
932212,2024-11-13,361.5906881032782,418.71526734333094,500.0,138.40931189672182,38.277897205469266,0.2315707235218914,109.62267560941427,False,0.0
1612127,2024-12-23,332.5175744691539,276.0086230142436,500.0,167.48242553084611,50.36799206725318,0.33836745309087524,139.0262540621445,False,0.0
476113,2024-09-09,314.7578017387599,321.84362176551355,500.0,185.2421982612401,58.852297619928706,0.4420042863026265,191.79390425420263,False,0.0
472935,2024-10-14,97.06831622565603,99.70765310028422,500.0,402.931683774344,415.1011364384267,0.26645508928201217,68.7840891329746,False,0.0
1600706,2024-08-31,129.8363011828102,131.16700322355945,500.0,370.1636988171898,285.100311272729,0.3094591308919226,92.61476993937616,False,0.0
1395405,2024-11-17,125.62589550501956,146.5199073568927,500.0,374.37410449498043,298.0071130955813,0.5395721177679429,170.44164906805577,False,0.0
600514,2024-08-16,132.65652105026274,119.09862743055452,500.0,367.34347894973723,276.9132463609181,0.1795528165392633,51.13692548544755,True,132.65652105026274
553401,2024-12-10,70.6019292194294,80.49122823469564,500.0,429.3980707805706,608.195945249612,0.39458906276915184,89.18936719640583,True,70.6019292194294
1563086,2024-08-26,172.82315996139738,202.52005661984552,500.0,327.1768400386026,189.3130759278342,0.3837471890683646,139.850762650674,True,172.82315996139738
1333794,2024-10-14,53.22144446455489,60.5664080828149,500.0,446.7785555354451,839.4709313705239,0.3960602743165102,72.62551223455279,False,0.0
600130,2024-11-07,153.87565801296185,168.32352883594797,500.0,346.1243419870382,224.9376843983225,0.43001729072633027,144.78336848746608,False,0.0
1253285,2024-08-23,329.1959969201732,393.46923500138655,500.0,170.80400307982683,51.88520051209649,0.35978154586649036,166.9599426498288,False,0.0
873092,2024-10-12,365.54164092343336,279.66593806981814,500.0,134.45835907656664,36.78332206883385,0.3092260352681195,127.66339879429694,False,0.0
261842,2024-11-10,118.8286196734106,108.18247668091095,500.0,381.17138032658943,320.7740537373938,0.37933382492470913,102.56492265826772,False,0.0
1792848,2024-07-09,122.51455384650012,121.44571250085477,500.0,377.4854461534999,308.11477845028577,0.38674562749004643,111.27788936458627,False,0.0
366180,2024-12-30,24.135750122643383,28.822471701003224,300.0,275.8642498773566,1142.9694477096432,0.3107377679403708,27.70648524525013,False,0.0
533323,2024-10-21,376.1162727122778,464.80598378588616,500.0,123.8837272877222,32.93761431654169,0.3938885565378023,192.6319064472916,True,376.1162727122778
956307,2024-12-26,47.240360986095645,54.55317492675474,500.0,452.75963901390435,958.4169755755381,0.2539068433853279,42.57641274199688,False,0.0
1242969,2024-12-15,190.21639720771773,226.48800552040876,500.0,309.7836027922823,162.85851658413878,0.2809906740440816,107.1171807638866,False,0.0
1380175,2024-09-20,248.177726319532,238.0387957365852,500.0,251.822273680468,101.46852314870658,0.43333319477520943,168.42527481475415,True,248.177726319532
1092303,2024-12-15,137.24362393743905,149.55876394016303,500.0,362.75637606256095,264.3156495400612,0.30159473003777765,96.19731650565664,False,0.0
1809507,2024-07-01,118.54413242309234,109.67550159324364,500.0,381.4558675769077,321.78384520582165,0.2137897194440399,58.24437694990624,True,118.54413242309234
1517387,2024-12-31,122.6132049950337,130.6932948164246,500.0,377.3867950049663,307.7864207368627,0.1940848705261397,57.980289814981205,False,0.0
1570607,2024-10-02,115.57246476681968,100.06076207413479,500.0,384.4275352331803,332.6290012147839,0.3014626818958191,77.98098843638121,False,0.0
1787328,2024-10-30,51.919542845283495,60.944035426228396,500.0,448.0804571547165,863.0285102662865,0.42294662228313995,77.94998615602263,False,0.0
502133,2024-12-25,95.23918529415609,84.54173164846388,500.0,404.7608147058439,424.9939911347396,0.23224573169147206,54.20512654317886,False,0.0
75182,2024-07-15,190.4720616717647,166.04458593966865,500.0,309.52793832823534,162.50569013193987,0.40085981375101326,134.1466289278615,False,0.0
87307,2024-07-14,90.77219373433412,83.63774458732482,500.0,409.2278062656659,450.82947699090096,0.3831330513320331,88.80373627749458,False,0.0
1889277,2024-12-06,95.61127878923472,114.48173610827503,500.0,404.3887212107653,422.95085509963616,0.2828713984432962,78.88465246466181,False,0.0
1275220,2024-12-28,49.26995420137247,47.58301305373107,490.0,440.73004579862754,894.520916332312,0.32235371768256627,47.45251559433514,False,0.0
1686349,2024-12-27,65.11558180748877,71.07796675951339,500.0,434.88441819251125,667.865365126011,0.25563042818276804,53.01146099909946,False,0.0
600514,2024-11-26,76.8332559010334,70.11292410245481,500.0,423.1667440989666,550.7598749219152,0.24262590930252936,49.81713008153584,False,0.0
1211912,2024-09-03,295.8118641867614,339.4572185848793,500.0,204.1881358132386,69.02635104734138,0.27382274056036016,121.00527402400621,True,295.8118641867614
571030,2024-09-11,84.22132519736626,93.64545952283494,500.0,415.77867480263376,493.67386921102,0.3577892417066035,88.99512810841247,False,0.0
1337450,2024-10-20,103.54834861732289,96.53748869221889,500.0,396.45165138267714,382.86622305085575,0.28796812279458084,72.94189290402653,True,103.54834861732289
1376113,2024-12-26,56.25707674239754,65.05436877190377,500.0,443.74292325760246,788.7770729529933,0.4216966805981319,81.848074285317,False,0.0
1362901,2024-09-19,90.64590173935233,109.56294200867191,500.0,409.3540982606477,451.59691768274814,0.3471454640353555,94.52203916054897,False,0.0
944494,2024-08-22,155.95117823306583,159.75795304444443,500.0,344.04882176693417,220.61315962150684,0.3800004047962161,124.96608446136509,False,0.0
671283,2024-12-21,39.89194741672819,40.49809969168478,420.0,380.1080525832718,952.8440630197919,0.306301856800225,38.375347573934604,True,39.89194741672819
1094709,2024-09-22,173.54084370369307,172.5500524466126,500.0,326.4591562963069,188.1166123945493,0.2949938053698287,100.41939831118263,False,0.0
1546330,2024-11-14,317.7887308493848,357.24744708658363,500.0,182.21126915061518,57.33723428883126,0.4146655640219185,186.4224772140074,False,0.0
1939772,2024-10-05,153.8589268347444,143.7977023120138,500.0,346.1410731652556,224.97301930165943,0.3585029239027767,112.2364764205118,False,0.0
209923,2024-11-26,118.02579603115883,104.01468366949814,500.0,381.97420396884115,323.6362022654775,0.3741088211006334,98.94751721164943,False,0.0
789227,2024-07-19,113.2925192411188,108.1746097813299,500.0,386.7074807588812,341.3354062114705,0.3674312289809255,99.34267056953091,False,0.0
1909373,2024-08-31,118.3673408908568,141.64071650264043,500.0,381.6326591091432,322.4138146864649,0.48803900844823006,151.68390893604925,False,0.0
781278,2024-08-03,306.5236227968681,266.5164098032755,500.0,193.4763772031319,63.11956495808085,0.29286449983379353,118.79291608880973,False,0.0
1338495,2024-07-31,159.21509713723643,155.44119662086803,500.0,340.7849028627636,214.04057089449373,0.43084710559009587,139.91712823363412,False,0.0
995268,2024-09-12,83.5469225196419,93.07575098138153,500.0,416.4530774803581,498.4660893792347,0.3609626864502119,89.45407561603534,False,0.0
1245438,2024-07-10,192.86507251220175,212.59410389629613,500.0,307.1349274877982,159.24859980459505,0.41600156335838,154.6346430740746,False,0.0
781190,2024-12-30,22.547120474224027,26.654281969460857,270.0,247.45287952577598,1097.4921600683567,0.20503953981446646,16.904844928221184,True,22.547120474224027
1137909,2024-10-06,127.7333636861775,122.21279116192714,500.0,372.2666363138225,291.4404080271683,0.32452819195397387,93.68263791479693,False,0.0
450907,2024-07-12,253.2635956482007,213.67502278292588,500.0,246.7364043517993,97.4227676584565,0.34460306346568054,128.35679335346404,False,0.0
1513843,2024-11-16,204.02110189064445,184.81188951440956,500.0,295.97889810935555,145.07268873981508,0.4633137464360879,162.4885598706585,False,0.0
1577108,2024-11-24,102.91798553624984,94.81842263688806,500.0,397.08201446375017,385.8237337184273,0.4019068967210918,100.7192121083781,False,0.0
1020255,2024-09-24,108.62303820197424,119.56477334022858,500.0,391.3769617980258,360.3075077593553,0.497645444143163,142.0218013145917,False,0.0
1560206,2024-09-17,230.13420627079125,225.39586624117806,500.0,269.86579372920875,117.26452929455722,0.5782631050487363,220.02189735179203,False,0.0
1788114,2024-12-18,223.4209908091878,188.70920942742654,500.0,276.5790091908122,123.79275921617582,0.2912174902718233,103.04435994898016,False,0.0
1364141,2024-08-25,55.07261894277048,57.45239473945152,500.0,444.9273810572295,807.8921787242084,0.2834378216503668,49.729814408960436,True,55.07261894277048
1760493,2024-10-27,141.36459740160984,115.73747712522885,500.0,358.63540259839016,253.69534465515767,0.41286156253907874,115.8107482214094,False,0.0
502133,2024-08-30,158.05441817628406,166.0101120434157,500.0,341.94558182371594,216.34674042602916,0.41188635274241514,137.82380112635983,False,0.0
557129,2024-11-21,254.55572461795924,230.33817532837926,500.0,245.44427538204076,96.42064650103899,0.2650969706471347,101.72859483093355,False,0.0
1196393,2024-07-03,201.99562846262083,182.78823870675754,500.0,298.00437153737914,147.53010934220524,0.32940830151805073,114.98261372490927,False,0.0
1849934,2024-12-14,51.058376639732515,41.30745797174427,430.0,378.9416233602675,742.1732696949542,0.4421150833806389,56.49623447474387,False,0.0
671283,2024-10-02,34.54139160368795,41.1671594479742,420.0,385.45860839631206,1115.9324812934203,0.2651324852723462,33.764794847869986,False,0.0
716436,2024-12-20,67.22681027884528,72.31134274192522,500.0,432.7731897211547,643.7508903458096,0.38465873044127336,80.76138356927297,False,0.0
663009,2024-08-20,124.042881041732,115.55055895275693,500.0,375.957118958268,303.0864131830217,0.4238459732100609,118.78919648878129,False,0.0
1631990,2024-10-21,108.0159023163757,111.19092505193542,500.0,391.9840976836243,362.8948046330376,0.33520732954973764,92.01310486159612,False,0.0
1767131,2024-10-23,149.22519227000407,141.7924900558371,500.0,350.7748077299959,235.06406820057123,0.31927276823495254,99.28217200940371,False,0.0
624346,2024-10-17,103.57182417417566,92.80429532608586,500.0,396.4281758258243,382.75677674572495,0.4838589696353688,119.69834990202403,True,103.57182417417566
44672,2024-09-29,164.39201277046232,191.88014468657005,500.0,335.6079872295377,204.15102995188778,0.43024224219456336,153.31227312495898,False,0.0
1767131,2024-09-20,258.8911352839043,206.48919376566252,500.0,241.1088647160957,93.13137139736041,0.34806233635693906,127.85930608084806,False,0.0
739246,2024-11-11,395.14271387826824,471.76132772480486,500.0,104.85728612173176,26.53656070045497,0.20066786167580772,98.58405985711322,False,0.0
500458,2024-08-22,92.56372230833708,124.70706438036326,500.0,407.4362776916629,440.1684240122285,0.32570187515771165,95.00851065686705,True,92.56372230833708
1085424,2024-11-16,61.444445153200974,54.658229351901674,500.0,438.55555484679905,713.7432094200501,0.275365440303271,46.25416649685056,False,0.0
1261474,2024-09-10,325.5773608187802,329.99981823936105,500.0,174.42263918121978,53.57333161696868,0.42593887969971805,186.42177725458532,False,0.0
1548418,2024-10-17,132.82971846269012,110.38954505510414,500.0,367.17028153730985,276.4217870720267,0.38610382991748365,105.56507267908923,False,0.0
552225,2024-07-28,91.7912244519699,80.43309511649716,500.0,408.2087755480301,444.71438090645245,0.5312113170536307,120.0126650484932,False,0.0
706470,2024-08-15,83.80995656715905,101.91339738041583,500.0,416.190043432841,496.5878285586956,0.34199253631326854,89.40618413661151,False,0.0
1434397,2024-11-22,71.66872655351438,79.99196058249937,500.0,428.3312734464856,597.654366199258,0.3462562040316881,77.94147713702077,False,0.0
1760493,2024-07-26,166.25142778983243,162.03393907292266,500.0,333.7485722101676,200.74929680127468,0.4210302299006917,139.35244120451398,True,166.25142778983243
356891,2024-07-12,83.83047087224948,78.12630999282534,500.0,416.16952912775054,496.4418364796705,0.3998812624812929,88.59681941872304,False,0.0
1809507,2024-12-31,54.472978948130766,71.19969903630628,500.0,445.5270210518692,817.8862798674927,0.3278935613230047,68.08122017080429,False,0.0
58723,2024-09-05,276.9562077252724,256.09994369497974,500.0,223.0437922747276,80.53395665208436,0.35758957824183535,142.90851197050787,True,276.9562077252724
912027,2024-08-26,151.45184022884703,170.37479438613303,500.0,348.548159771153,230.13794962444106,0.3137308385157376,106.20067718766381,False,0.0
993657,2024-09-28,542.0953343890246,570.1046294895497,500.0,-42.09533438902463,-7.765300993868303,0.3706902790175466,192.64098065910247,False,0.0
86944,2024-10-26,213.97957267136445,254.14323512999496,500.0,286.02042732863555,133.66716446710237,0.26114307652604396,104.06381572527155,False,0.0
1166110,2024-09-30,317.6097871677954,301.3235523169163,500.0,182.3902128322046,57.42587923962388,0.25119043266675256,106.51390613603903,False,0.0
1555166,2024-12-14,74.140260206307,97.30755476074111,500.0,425.859739793693,574.3974172853871,0.22493820641962614,57.24458708103641,False,0.0
873957,2024-07-22,110.34708638850242,105.52034540580375,500.0,389.6529136114976,353.115724541774,0.2337952674613439,62.34018771036578,False,0.0
414878,2024-08-30,157.9631698759028,127.49143725838925,500.0,342.0368301240972,216.52947987357066,0.3564555886171887,105.1601610227341,False,0.0
67225,2024-08-13,139.10798871702036,158.32468965531248,500.0,360.89201128297964,259.43298771799664,0.41833040779029973,137.00570747751706,False,0.0
677509,2024-09-29,250.58905581458404,223.51323693798852,500.0,249.41094418541596,99.52986309584094,0.610767431090495,231.62095478627225,False,0.0
1564963,2024-08-09,164.70769895553792,149.58684565957932,500.0,335.2923010444621,203.56808040586657,0.2746437294495348,87.6087007488645,False,0.0
353877,2024-12-15,35.517021599100566,45.961181856848214,470.0,434.4829784008994,1223.309159492986,0.23026736953867866,32.74035654915166,False,0.0
522831,2024-11-02,157.947414428737,131.92797668280903,500.0,342.05258557126297,216.56105407511487,0.4198229468561718,126.00868476939422,False,0.0
661553,2024-08-05,250.76500372754575,281.59083930072677,500.0,249.23499627245425,99.38986404308879,0.3018973067029425,124.94836644938802,False,0.0
588307,2024-11-05,93.73600430865945,88.10292304430457,500.0,406.26399569134054,433.4129651543184,0.3852268054485007,92.29442623437349,True,93.73600430865945
307993,2024-11-07,91.2788924629124,115.40740072945411,500.0,408.7211075370876,447.7717646532088,0.3959593654157259,110.89992595510337,False,0.0
1184678,2024-09-29,339.3814056107286,364.4939959611516,500.0,160.61859438927138,47.32686933753269,0.31888114483079116,144.3209176842313,False,0.0
1543588,2024-12-31,75.30735237425917,75.58068256047297,500.0,424.69264762574085,563.9457957771799,0.3313663432895422,71.77026998872407,False,0.0
137342,2024-11-05,173.8747755035472,159.64670009958397,500.0,326.1252244964528,187.5632756689308,0.2966809664575591,97.53483865289004,False,0.0
932212,2024-09-04,468.1567980197764,516.1546154024095,500.0,31.843201980223625,6.801824114252949,0.4296805252245393,216.88972685638865,False,0.0
541251,2024-07-10,187.6564257300132,198.27313934469623,500.0,312.3435742699868,166.444379964566,0.42167291059758016,152.33170917392522,False,0.0
1289413,2024-07-31,93.87491715543143,79.94786707315073,500.0,406.12508284456857,432.623639147543,0.4346839229030512,97.81040262355461,True,93.87491715543143
869053,2024-08-28,93.9054271427354,79.27866866562293,500.0,406.0945728572646,432.45058908044206,0.4063266849272238,90.91728192553092,False,0.0
1235764,2024-11-08,51.66002991473938,54.062073134551866,500.0,448.33997008526063,867.8662610633575,0.32283322914901436,53.696437315928236,False,0.0
1612127,2024-11-24,430.62373392109106,410.2025590843872,500.0,69.37626607890894,16.110646166015012,0.348749024996273,164.01891514530698,False,0.0
427743,2024-08-05,73.75882876438439,67.95543131706411,500.0,426.24117123561564,577.8849506913983,0.32932888533724836,66.07542635700055,False,0.0
1546330,2024-08-08,499.4366090873394,495.80854071031456,500.0,0.5633909126606227,0.11280528948211309,0.3902770209691041,194.64569288797586,False,0.0
1092303,2024-07-20,244.07521182559063,241.52838821848724,500.0,255.92478817440937,104.85488725388718,0.45651469941509,178.43189173045081,False,0.0
1369933,2024-12-05,38.014269801249974,39.618614231442805,410.0,371.98573019875005,978.542353025859,0.4551617317143835,55.787559566422374,True,38.014269801249974
512540,2024-09-05,147.44967916719182,172.3133985820145,500.0,352.5503208328082,239.0987371583594,0.5034771301180045,171.28595099024633,False,0.0
171751,2024-08-20,197.97679662095243,175.0165267541106,500.0,302.0232033790476,152.55484912067905,0.4496516555002077,154.0240586806973,False,0.0
1559782,2024-07-28,195.91039652818057,246.92159038120383,500.0,304.08960347181943,155.21871675048033,0.41347161433960844,162.9778626869305,False,0.0
1695241,2024-11-20,78.47929812344609,84.95472593519784,500.0,421.5207018765539,537.110692826931,0.34614238406667985,81.04112461904877,False,0.0
43995,2024-10-14,126.06553937485624,154.41534458713284,500.0,373.93446062514374,296.61909390896153,0.3920292960310373,126.92171423342796,False,0.0
1092196,2024-11-17,182.5324822959068,168.8703331802347,500.0,317.4675177040932,173.92384835343483,0.33668534467679784,113.52304582328715,False,0.0
1598301,2024-12-19,104.91961697821272,97.18517060048804,500.0,395.08038302178727,376.5553043372513,0.43062446540778493,109.5084497872524,False,0.0
1095846,2024-08-29,211.875360084528,279.3790585656345,500.0,288.124639915472,135.9877995254022,0.3016376921539052,124.48412880473892,False,0.0
845734,2024-11-01,278.55337204909597,245.10403988512797,500.0,221.44662795090403,79.49881429253469,0.3166176994304768,124.45013325499399,False,0.0
1020255,2024-12-19,75.78440623887444,69.6323990316476,500.0,424.21559376112555,559.7663356020589,0.27640110373406857,56.466887964131004,False,0.0
1546330,2024-08-22,441.3183686352507,506.23807713072523,500.0,58.68163136474931,13.296893022200404,0.37014685357336974,185.76184265639165,False,0.0
1825581,2024-12-17,29.68312966081528,28.936301695962708,300.0,270.31687033918473,910.6750987111383,0.3862308298255226,34.574727356614446,False,0.0
1607677,2024-12-24,53.97175294187512,57.40391758814498,500.0,446.02824705812486,826.4105254066418,0.46579284526863446,81.66544173974638,False,0.0
1172755,2024-08-23,89.78370504245255,104.89688733495723,500.0,410.21629495754746,456.89392609002306,0.49869720140124485,132.5315049458802,False,0.0
476572,2024-07-28,199.81066504637175,164.29559711544616,500.0,300.18933495362825,150.2368929526163,0.5458589447681422,181.80316292201067,True,199.81066504637175
598380,2024-09-18,70.27349164705313,74.37130979444275,500.0,429.7265083529469,611.5058442111252,0.218244547748031,46.741286865156056,False,0.0
1146221,2024-10-24,170.77481324257033,154.40941499782693,500.0,329.2251867574297,192.78322166266685,0.3106991504165409,100.58882735678979,False,0.0
137342,2024-10-06,214.9753551271254,190.53274897002913,500.0,285.0246448728746,132.58480010619152,0.33971883241409984,120.69612169626399,False,0.0
988901,2024-09-30,95.99802725913028,96.83625816444432,500.0,404.00197274086975,420.84403635747157,0.28577240171942075,72.51817878601288,False,0.0
1112341,2024-08-16,109.36550248961514,119.74184343584929,500.0,390.63449751038485,357.1825563069834,0.3123832006607409,89.21961079302586,False,0.0
307482,2024-07-11,186.02216991599565,190.21496344629603,500.0,313.9778300840044,168.78516696466409,0.43553756654599146,154.62977686005874,False,0.0
43995,2024-08-08,195.2940755774338,194.6428207046607,500.0,304.7059244225662,156.02415153743402,0.3849511413981267,137.9987147915457,False,0.0
136725,2024-10-13,128.95368319788594,112.416574475228,500.0,371.04631680211406,287.7361139291576,0.5578973401409837,154.058046653993,False,0.0
939841,2024-08-10,200.09535386612097,211.25250328833425,500.0,299.90464613387906,149.88086446751686,0.2666835214047281,98.87742321757878,False,0.0
1888578,2024-08-11,84.54766139182598,90.75690210592839,500.0,415.45233860817405,491.38241291241644,0.3114681899711761,76.00959579574594,False,0.0
1338495,2024-12-21,105.80298004506729,121.50771609702166,500.0,394.1970199549327,372.57648110386174,0.30050105466065413,86.48584138138159,False,0.0
719519,2024-10-03,67.36434561662433,73.73054257930436,500.0,432.63565438337565,642.2324011659497,0.47068655626694883,100.19568495790958,False,0.0
204652,2024-07-01,60.055098923937784,64.90425378725585,500.0,439.9449010760622,732.5687726087508,0.28799609988965946,55.79802325839343,False,0.0
705594,2024-12-09,112.60373000955325,88.08369251746458,500.0,387.39626999044674,344.0350243793702,0.36267694882680906,86.8799512035902,False,0.0
541901,2024-11-16,251.8882186428389,288.1174401756308,500.0,248.1117813571611,98.50074874242827,0.2840324039971635,118.53070192149457,True,251.8882186428389
415976,2024-08-13,135.4910022789419,161.93364222293266,500.0,364.5089977210581,269.0281949281221,0.4402513868672341,145.6733640323037,False,0.0
339258,2024-09-05,66.91519739129318,63.411059273100236,500.0,433.0848026087068,647.2144139039162,0.27512412062661357,52.34360961327123,False,0.0
563539,2024-08-11,241.3784150489672,233.6285021740929,500.0,258.6215849510328,107.14362545572583,0.35462717064983856,136.83949825572955,True,241.3784150489672
1245432,2024-07-27,124.84491411952725,148.37898637141072,500.0,375.15508588047277,300.496891304116,0.33247377754002755,105.65160302569514,True,124.84491411952725
1259755,2024-11-14,47.63379419209178,57.574640016381345,500.0,452.3662058079082,949.6749387287117,0.28854525821569227,50.717921541014185,False,0.0
1166282,2024-12-27,89.666626419277,74.99759238413536,500.0,410.333373580723,457.6210681352314,0.2962813995122701,63.827068444936934,False,0.0
1211912,2024-07-13,400.77611188759,405.058922328163,500.0,99.22388811241001,24.75793470950195,0.4875827504814556,228.39042402136073,False,0.0
1402800,2024-11-17,111.71558652223634,91.99906828555775,500.0,388.2844134777637,347.5651210052753,0.4086226008116474,100.55203233500333,False,0.0
1526499,2024-10-17,17.208314346087104,17.35135081224226,180.0,162.7916856539129,946.0059967519662,0.5833959220107898,31.315835204357953,True,17.208314346087104
649223,2024-12-19,24.62898888769579,25.61550740770663,260.0,235.37101111230422,955.6665610007702,0.3528367690833894,27.957469862507107,False,0.0
1923600,2024-10-14,47.81285669296181,59.49814426680012,500.0,452.1871433070382,945.7438324817799,0.3712791675777522,67.09035116877041,False,0.0
1173121,2024-11-26,36.84570013546881,37.753438665061914,390.0,353.1542998645312,958.4681484300903,0.4611723791607447,53.86345318962741,False,0.0
1254258,2024-12-08,349.0614196118111,379.52351872558137,500.0,150.93858038818888,43.24126698276959,0.42863607017985067,196.59233495245306,False,0.0
116084,2024-07-16,69.56519284175872,60.49530569656239,500.0,430.43480715824126,618.7502536467621,0.3973929966297806,72.79987384374608,False,0.0
571030,2024-10-31,72.85867210763678,71.0016015983134,500.0,427.1413278923632,586.2601054014981,0.18408886504543695,38.145817770904586,False,0.0
600072,2024-11-24,96.55829545581274,105.19778196593123,500.0,403.44170454418725,417.821899858217,0.42669841228225946,113.5807670756019,False,0.0
83851,2024-11-13,77.56484712890736,79.7725040360615,500.0,422.43515287109267,544.6219112235661,0.15060566022041133,33.83892581924591,False,0.0
553401,2024-08-02,157.87994494384992,159.81940502733357,500.0,342.1200550561501,216.69633541981867,0.514683330706085,169.28730144331954,False,0.0
679548,2024-09-03,87.42820056852443,97.53050602950017,500.0,412.5717994314756,471.8978507490958,0.3696540445392165,94.2002587073108,False,0.0
714448,2024-08-07,89.96209324411744,101.1947665774815,500.0,410.03790675588255,455.7896464716761,0.25692522561161296,66.89455257277542,False,0.0
1865301,2024-10-27,551.229490284692,480.4887367159911,500.0,-51.22949028469202,-9.293677349924376,0.42571351708935073,210.3149735571871,False,0.0
1181472,2024-11-11,90.07603762003444,90.12601062079597,500.0,409.9239623799656,455.0865837473201,0.37572222722849885,91.29678404618427,False,0.0
1643216,2024-11-29,66.27194061532076,77.98402094190882,500.0,433.7280593846792,654.4671173917758,0.3265733837521978,72.26558781222936,False,0.0
1316647,2024-08-24,117.6737323324222,110.91767500791329,500.0,382.3262676675778,324.90366379093496,0.3969311681478825,108.80955992414717,False,0.0
790296,2024-09-23,35.43917518643047,43.7285882452267,450.0,414.5608248135695,1169.7812452822077,0.34094639873917454,46.123862069565774,False,0.0
272002,2024-11-04,48.74327807535553,50.0219420758584,500.0,451.25672192464447,925.7824663064641,0.37474138898886883,57.96426649329298,False,0.0
1634384,2024-10-12,57.25954490704709,58.46729738504746,500.0,442.7404550929529,773.216859847001,0.4136549917132276,73.6632350319579,False,0.0
1181948,2024-10-20,50.91813616442005,44.03641257023169,450.0,399.08186383557995,783.7715476208759,0.21410297427401948,29.167002200222175,True,50.91813616442005
179683,2024-10-15,123.88074545856432,157.69607033335095,500.0,376.1192545414357,303.6139741887816,0.38514048260428735,125.90597533329293,False,0.0
338837,2024-10-05,103.69068333777275,100.34305426094319,500.0,396.3093166622273,382.20339948117453,0.3165987042678673,82.03009547692184,False,0.0
335536,2024-10-27,50.529424800021815,52.84548572221304,500.0,449.47057519997816,889.5224455430256,0.39591543532930595,64.50041626883296,False,0.0
720206,2024-08-29,303.04837444482735,350.5913899279169,500.0,196.95162555517265,64.99016070156465,0.5036474384810259,225.00549910088276,True,303.04837444482735
386226,2024-10-26,13.821347673261643,10.731752557244791,110.0,96.17865232673836,695.8702913812278,0.3240177321620352,10.757380551912624,False,0.0
1517387,2024-08-25,251.2198141856283,267.40156640280065,500.0,248.7801858143717,99.02888696133898,0.3426666022220022,139.16427916123868,False,0.0
895884,2024-09-05,79.93473852216859,104.50259391476526,500.0,420.0652614778314,525.5102715590084,0.33965455634580843,90.07318513680933,False,0.0
626705,2024-08-28,226.2196498237637,262.33856791910915,500.0,273.7803501762363,121.02412429226408,0.4469692150157522,180.24220082752794,False,0.0
1548862,2024-10-14,168.84996750847753,173.74456449740342,500.0,331.15003249152244,196.12087427549918,0.3595467498725421,122.76605674428606,False,0.0
929814,2024-07-29,94.15635103042938,84.48372492061745,500.0,405.8436489695706,431.0316240254578,0.4456651306862025,103.97038684282705,False,0.0
1016835,2024-08-29,58.69530363610402,56.403056299390485,500.0,441.30469636389597,751.8569102221074,0.3017813480925293,52.11380234410334,False,0.0
1096121,2024-07-07,298.43489980261364,227.07918933362834,500.0,201.56510019738636,67.54072674834697,0.35891647626034806,136.96382176862275,False,0.0
1366373,2024-08-25,1083.8214729081426,1153.4058248844615,500.0,-583.8214729081426,-53.8669409586078,0.33979843200009335,212.50312639385655,False,0.0
1047224,2024-09-26,125.23803607598292,138.72326183030071,500.0,374.7619639240171,299.23973232592533,0.37534326959549374,115.48596971742418,False,0.0
884897,2024-10-09,38.81404314450848,35.85769432565591,370.0,331.1859568554915,853.2632264627877,0.33572552632085734,37.242745445568175,False,0.0
1337417,2024-07-11,118.56901672934082,101.78632995979751,500.0,381.43098327065917,321.695324623765,0.3219902862272975,84.11679292849894,False,0.0
1931447,2024-09-12,155.07857770125395,163.40299922733288,500.0,344.92142229874605,222.41719482571517,0.3874142286553597,128.71516807081863,False,0.0
1632267,2024-12-28,186.03875593544035,186.76629861660885,500.0,313.96124406455965,168.7612038071848,0.3708627084508334,130.65029622747045,True,186.03875593544035
586014,2024-10-28,101.34176022221996,88.85300835384234,500.0,398.65823977778007,393.3800231055896,0.4162123529355547,100.2473661602602,True,101.34176022221996
512540,2024-12-07,139.8175279793397,117.87720846905171,500.0,360.18247202066027,257.6089544895137,0.3086538372805949,87.4278373450129,True,139.8175279793397
898335,2024-09-10,117.03042448302618,117.27898798047248,500.0,382.9695755169738,327.2393287546512,0.33688942162806734,95.16860914089156,False,0.0
1397612,2024-12-09,250.96804902138936,254.8345471149262,500.0,249.03195097861064,99.22854799631736,0.3405139613349815,135.83134613675554,True,250.96804902138936
501331,2024-10-24,127.93857249181228,118.72179897854323,500.0,372.0614275081877,290.8125518846153,0.4096013875881861,116.46041632886902,False,0.0
1196745,2024-08-19,101.59558011418378,120.57000566862763,500.0,398.4044198858162,392.1473940480949,0.3617056120591282,103.68051445218511,False,0.0
1325806,2024-07-15,179.17449912616158,163.3366559715319,500.0,320.82550087383845,179.05756814642277,0.4591312962709657,152.51460220644336,False,0.0
58664,2024-11-01,132.31109073162665,137.7346673002005,500.0,367.6889092683733,277.89727016473284,0.41415527913336897,126.98338613766843,False,0.0
728350,2024-07-28,234.37340740395712,223.31812327294676,500.0,265.6265925960429,113.33478295949291,0.45795777857233416,173.61105321728283,False,0.0
1026333,2024-08-08,137.45543369427614,122.091335637046,500.0,362.54456630572383,263.75426315418247,0.3554013877624691,102.54190031750636,False,0.0
816921,2024-11-07,62.270650319088666,73.24521847322343,500.0,437.72934968091135,702.9464883342133,0.3118807456820635,66.08152024871525,True,62.270650319088666
901447,2024-09-21,178.16738737234672,156.96462266231526,500.0,321.83261262765325,180.63497331027526,0.35782921516583654,116.72813105984262,True,178.16738737234672
470945,2024-09-05,110.9440717427368,115.11584739401094,500.0,389.0559282572632,350.6775280065684,0.3217390408624615,89.99029188567923,False,0.0
557129,2024-08-23,337.38780171265984,330.3318664962024,500.0,162.61219828734016,48.19741480334571,0.18576711392710046,81.3331998331467,False,0.0
956307,2024-08-01,81.87359727033592,94.68264697827159,500.0,418.12640272966405,510.69748572188087,0.32409442369451713,81.14948304401247,False,0.0
1169138,2024-07-04,71.19715998316296,68.96975382080572,500.0,428.802840016837,602.2752032781116,0.29107679669174336,59.04754613827512,False,0.0
1612127,2024-11-30,347.3886658371375,408.0713137663925,500.0,152.61133416286248,43.931005577024095,0.29686057467348753,139.3834843013793,True,347.3886658371375
633493,2024-11-07,155.12828144929395,187.74721524430078,500.0,344.8717185507061,222.31389101247322,0.4099081937588675,144.72761980297457,False,0.0
501594,2024-12-31,98.85686195811,119.77260507672435,500.0,401.14313804189,405.781783981644,0.20944704411451417,59.82813624109261,True,98.85686195811
1006980,2024-08-18,211.9347698988836,208.7085741730356,500.0,288.0652301011164,135.92164713631252,0.3649775756169125,134.65833775246574,False,0.0
1574351,2024-10-31,87.59817022490498,87.42100616076095,500.0,412.40182977509505,470.7881782419302,0.47668458195603963,113.6507209631147,True,87.59817022490498
1885898,2024-10-26,152.3176766892578,165.91520749680424,500.0,347.68232331074216,228.26130943425977,0.4912047139784629,164.32286729542113,False,0.0
228437,2024-10-09,95.82434232430404,115.7951258773274,500.0,404.17565767569596,421.7880841882746,0.46867924982783477,131.5030345036191,False,0.0
1894407,2024-10-13,60.667642685171785,64.47139354500035,500.0,439.3323573148282,724.1625648695405,0.48468495474211193,93.41916083230628,False,0.0
1335351,2024-09-07,365.3012692186934,457.7767869047623,500.0,134.6987307813066,36.873326793909136,0.3973054045885438,193.3947785845961,True,365.3012692186934
67225,2024-11-28,113.0773299357074,111.69256517487918,500.0,386.9226700642926,342.17527977030056,0.4405999441296317,121.24046236579197,True,113.0773299357074
1670272,2024-07-13,143.84199581919486,125.17532854830519,500.0,356.15800418080516,247.6036307425025,0.548193473278979,160.21836446536656,False,0.0
967353,2024-10-10,131.34244546638905,147.42075948721688,500.0,368.65755453361095,280.68424736918087,0.4461110066207327,141.32904040910114,False,0.0
567684,2024-10-02,368.54911308783863,368.7292869967933,500.0,131.45088691216137,35.6671288151579,0.18712858166653537,85.01591955290235,False,0.0
1395405,2024-08-07,158.57578932111943,166.42392055208649,500.0,341.42421067888057,215.30664431219643,0.2889476199822282,96.79442624011338,False,0.0
1665804,2024-11-22,253.6965632820305,225.37730853211,500.0,246.3034367179695,97.08583889808466,0.34581913100583334,131.5755940136034,False,0.0
1402247,2024-07-30,60.30849953563699,72.41336889292477,500.0,439.691500464363,729.0705354135766,0.2967089063794995,62.35854699778253,False,0.0
343186,2024-10-10,54.48539939408349,51.952033210336694,500.0,445.5146006059165,817.6770392809022,0.3601870054059673,57.758476443873924,False,0.0
1787328,2024-07-10,67.37760179906823,73.84391235465966,500.0,432.6223982009318,642.0863709146064,0.30523954150595467,65.04710219351634,False,0.0
1401790,2024-09-11,122.10914826952197,107.59333275059174,500.0,377.89085173047806,309.4697302256086,0.34211464450599677,92.22130883408522,False,0.0
1148137,2024-07-03,101.0880346410216,104.52809121802585,500.0,398.9119653589784,394.61838067737017,0.2484641783999993,65.89944910720236,False,0.0
1659119,2024-12-06,96.92526643010132,98.5898475821437,500.0,403.0747335698987,415.86136248650945,0.38031382886392934,97.53301363116064,False,0.0
1134345,2024-11-28,56.94733715199342,60.031824909213334,500.0,443.05266284800655,778.0041789583441,0.306376069455118,55.77270297714033,False,0.0
1953859,2024-10-18,485.5024697411432,549.0690532296411,500.0,14.497530258856784,2.986087849684158,0.3510529839739997,180.45612447510211,False,0.0
781278,2024-10-29,183.41686801380337,186.59291366193466,500.0,316.58313198619663,172.6030628559046,0.39504071638471744,139.11287008187088,False,0.0
668405,2024-12-20,144.59273283203834,122.72657668899923,500.0,355.40726716796166,245.79884493974498,0.2196576379950278,63.54753112299989,True,144.59273283203834
647421,2024-12-30,50.73744568637104,48.49654054545927,500.0,449.262554313629,885.4654550225196,0.3817961591077023,57.28189149709887,False,0.0
1008091,2024-07-03,544.9860065058135,659.457660942344,500.0,-44.98600650581352,-8.254525064641937,0.38140794398803485,206.5405832294878,True,544.9860065058135
931118,2024-10-19,530.500778188772,566.7358008722134,500.0,-30.50077818877196,-5.749431375559387,0.571395533409865,296.4358718620236,False,0.0
359066,2024-11-01,192.2178824780748,161.30253346881784,500.0,307.7821175219252,160.12147962197645,0.3572981408490549,118.01594714538022,False,0.0
1760493,2024-10-07,80.81549148268881,100.56276871068036,500.0,419.1845085173112,518.693261436272,0.25825660678728124,66.99850423620084,False,0.0
1923600,2024-08-19,58.64242536897662,73.40499845929689,500.0,441.3575746310234,752.6250352948621,0.30358536311989226,64.42311828729453,False,0.0
1429040,2024-07-23,89.92712850675355,88.3801395423925,500.0,410.07287149324645,456.005744098067,0.3896338845715748,93.53390387969483,False,0.0
1865301,2024-12-24,351.9007557468481,392.5669619395817,500.0,148.09924425315188,42.085514689741714,0.24554664299412432,113.86362575225706,False,0.0
747723,2024-07-02,198.38630730893345,209.9155682166091,500.0,301.61369269106655,152.03352327203922,0.22512600503663413,83.25488221914884,False,0.0
929814,2024-09-02,76.47981793066091,79.35492309993465,500.0,423.52018206933906,553.7672467438615,0.28391947977887255,63.569105446218245,False,0.0
1342045,2024-09-10,64.81438966469557,64.26765467561476,500.0,435.18561033530443,671.4336316158358,0.3462370987109938,66.57005664620053,False,0.0
485547,2024-07-13,84.46889281333058,94.84399143618845,500.0,415.53110718666943,491.9338863656702,0.41110896747377906,103.04190855265715,False,0.0
1050263,2024-12-15,58.76994845618177,63.78733807048541,500.0,441.2300515438182,750.77495069235,0.3256072751525606,62.23722298961614,False,0.0
1379866,2024-10-20,235.05880789636757,275.4161753185463,500.0,264.94119210363243,112.71272685958628,0.2971163667046677,121.98150555342332,False,0.0
1548418,2024-12-20,127.81011672948569,106.54994355149361,500.0,372.1898832705143,291.205338665222,0.4035459535180088,108.19101700639075,True,127.81011672948569
1253285,2024-09-11,277.10910786672133,355.7972717229199,500.0,222.89089213327867,80.43434365949477,0.36859258977593096,165.4844169389697,False,0.0
1325137,2024-09-13,142.14869373706549,139.9480056390152,500.0,357.8513062629345,251.7443508308682,0.3087578761666527,95.40600775489878,False,0.0
69458,2024-08-12,169.25319310381346,187.27861624877798,500.0,330.7468068961865,195.4154015241054,0.4152433570511391,146.4556678122299,False,0.0
1879158,2024-07-26,77.59133695605426,68.48803449445347,500.0,422.40866304394575,544.4018361008358,0.44286817972166814,89.37418346558121,True,77.59133695605426
1247248,2024-07-10,62.76297364406681,64.53126352864908,500.0,437.2370263559332,696.6480409859718,0.31628111208979864,61.004698488237494,False,0.0
884152,2024-08-26,66.9739593067339,81.45433775096168,500.0,433.0260406932661,646.5588195406681,0.3582531955744577,81.61551400445924,False,0.0
1546330,2024-08-16,545.90914332546,545.0835170202205,500.0,-45.909143325460036,-8.409667412016569,0.43216868947161247,221.68077325629443,False,0.0
1039195,2024-09-04,148.8511858254619,128.0671701768759,500.0,351.1488141745381,235.90595683012148,0.3621845634386313,107.09508489686303,True,148.8511858254619
1457126,2024-11-25,50.34721403625146,45.084024182254254,460.0,409.65278596374856,813.6553209653003,0.6317813593795304,88.1130311382957,False,0.0
412511,2024-07-25,124.3915974093206,140.22478388926658,500.0,375.6084025906794,301.9564105722589,0.4797524673384772,148.38542096616044,False,0.0
1643216,2024-11-10,94.56245610561756,74.56265454486778,500.0,405.43754389438243,428.751071610858,0.2785733341487839,59.76923237651734,False,0.0
1291712,2024-09-22,53.04485645613182,63.780159502910834,500.0,446.9551435438682,842.5984598780107,0.1959501315794706,37.45099037385443,True,53.04485645613182
413394,2024-07-03,117.81130549496054,118.57699488003061,500.0,382.18869450503945,324.4074861061512,0.34483236378981813,97.98175736143446,False,0.0
607967,2024-10-09,177.38812942528023,198.33025687428963,500.0,322.6118705747198,181.8677899248106,0.2634209665885892,95.17368597659501,False,0.0
1586853,2024-08-11,92.503626868478,95.36252025923355,500.0,407.496373131522,440.51934710722406,0.42666102666144107,107.28887722849514,False,0.0
1694738,2024-10-27,174.1169856405798,205.94213830554446,500.0,325.8830143594202,187.16325300515064,0.33712858748924235,123.70868530823573,True,174.1169856405798
1278249,2024-11-23,240.62590722539096,258.4235012494281,500.0,259.37409277460904,107.79142435883138,0.434099666492088,174.0734204996607,False,0.0
35264,2024-09-28,165.53033060220298,176.12452351323958,500.0,334.469669397797,202.05944625434444,0.420419076000218,144.40868684053908,False,0.0
517335,2024-10-16,85.92238920334455,73.90708264430984,500.0,414.07761079665545,481.9205036497488,0.46698042538664025,99.57427574229602,False,0.0
630464,2024-09-07,198.4357934052265,223.32104968111307,500.0,301.5642065947735,151.9706709257579,0.3425338186331503,129.85468996655638,False,0.0
588274,2024-08-13,106.97445612525276,121.64358129887341,500.0,393.02554387474726,367.4013013111906,0.2550560309016161,73.44927101090808,False,0.0
901882,2024-10-06,59.32209388630225,59.95377922476595,500.0,440.67790611369776,742.8562905387471,0.2803458704873909,50.979459243317365,True,59.32209388630225
739246,2024-09-04,470.2335633722535,532.5408865553904,500.0,29.766436627746486,6.33013866859655,0.2213758722889657,112.7816508721783,False,0.0
600072,2024-11-17,130.4450241089627,105.68236112892001,500.0,369.5549758910373,283.30323706509677,0.34156375097334857,91.15465032994811,True,130.4450241089627
106233,2024-09-13,52.18519919836183,51.71693560576377,500.0,447.81480080163817,858.1260734474607,0.26757588620083067,42.72560256080451,False,0.0
1617324,2024-07-09,81.43677531350855,79.76110436826619,500.0,418.5632246864915,513.9732302453547,0.28096358237074687,63.12245312178784,False,0.0
932212,2024-08-07,605.7587889129875,555.6365929949678,500.0,-105.75878891298748,-17.458894670396422,0.3688101349811941,190.24184040814717,False,0.0
520248,2024-09-12,154.27315634112944,150.91577298983336,500.0,345.72684365887056,224.10045393405835,0.4038456828956274,129.35866515023557,False,0.0
816921,2024-09-27,128.37692098621,104.60923587282464,500.0,371.62307901379,289.478105689814,0.2651484723725524,70.35544010655192,False,0.0
1137351,2024-08-19,99.43872420281828,81.39365527271622,500.0,400.56127579718174,402.8222194204591,0.3240215249760036,73.78079771757201,False,0.0
539639,2024-07-23,72.63560035752415,77.79064569823844,500.0,427.36439964247586,588.3676840817991,0.5060529101602769,111.79314204057366,False,0.0
1046805,2024-12-03,99.43429252704286,108.48242986914289,500.0,400.5657074729571,402.8446296472783,0.3363929220872282,91.09420041747175,False,0.0
335536,2024-08-26,58.3497863712727,61.8261464927305,500.0,441.65021362872733,756.9011663874138,0.33997881257273777,63.391680647893175,True,58.3497863712727
1403709,2024-07-26,115.15346066871524,98.58573784064889,500.0,384.84653933128476,334.20319033090027,0.297796347065489,76.36921087955103,False,0.0
1181498,2024-11-04,132.4445833243886,138.44789378880873,500.0,367.5554166756114,277.5163826635174,0.478490287737065,147.07972783702536,False,0.0
209948,2024-08-28,121.42189501205404,118.09811158902025,500.0,378.57810498794595,311.7873468787182,0.5053770198255387,143.29265207813083,True,121.42189501205404
785126,2024-07-04,171.2971715614951,154.4110849125726,500.0,328.70282843850487,191.89040043226964,0.2488956443152486,80.58035051335156,False,0.0
1809507,2024-12-24,54.78971355268186,73.7151850620239,500.0,445.21028644731814,812.5800585163414,0.34785510036380063,74.03751704543312,True,54.78971355268186
298679,2024-12-15,88.90611758100476,90.59621954284245,500.0,411.09388241899524,462.39099581019997,0.3001274143252553,73.1622572824278,False,0.0
1788114,2024-07-01,380.3105140071819,319.2505338279287,500.0,119.6894859928181,31.471516454198756,0.26918961216875664,116.47974774218889,False,0.0
955046,2024-10-22,75.98669068254982,77.54371995013686,500.0,424.0133093174502,558.0099692574504,0.36038973854903533,79.44253763709305,False,0.0
1557279,2024-07-24,109.9563762382954,105.0740355701084,500.0,390.04362376170457,354.7257895407623,0.4488421168516142,119.39584768027974,False,0.0
1023681,2024-07-27,211.5126757565327,188.04438004777086,500.0,288.4873242434673,136.39245175808674,0.3724801444690292,131.6011405305844,False,0.0
493928,2024-11-23,28.707009632912193,27.479902642419738,280.0,251.2929903670878,875.3715332264487,0.35592810967061383,30.256696523947138,True,28.707009632912193
1237627,2024-10-24,63.26669328260549,64.26875507205571,500.0,436.7333067173945,690.3052523490583,0.38731570033951934,74.46912137167931,False,0.0
898512,2024-07-04,95.5318809578216,115.21415763800884,500.0,404.4681190421784,423.38548659034115,0.30273903722372075,84.71476266417937,True,95.5318809578216
1131468,2024-07-28,93.70403247255396,77.5572534178238,500.0,406.295967527446,433.59496577316526,0.4259804673767175,93.9121853957589,False,0.0
387683,2024-09-12,179.39040604303167,168.88316778622772,500.0,320.6095939569683,178.72170593117525,0.4492939546149038,151.49736537855762,False,0.0
985963,2024-07-27,50.72849334314909,64.43816277423115,500.0,449.27150665685093,885.6393656673134,0.34590805020082643,66.64426806493388,True,50.72849334314909
568220,2024-11-17,160.80030917222751,136.75028945245933,500.0,339.1996908277725,210.94467577451468,0.4157815410376397,127.03467761234887,False,0.0
1513843,2024-12-08,156.59021330496097,164.2716372548788,500.0,343.40978669503903,219.30475694943024,0.3037669907470387,101.16564504653218,False,0.0
1560206,2024-11-11,147.02030928220177,165.26959368083627,500.0,352.97969071779823,240.08906826625065,0.3754671148525214,125.38555020457525,False,0.0
1342045,2024-11-29,65.35491633233852,60.41424385784629,500.0,434.6450836676615,665.053385513391,0.31113530287410035,56.935433328843956,False,0.0
1662123,2024-08-07,62.46697115575214,75.84080619880987,500.0,437.53302884424784,700.4229927417548,0.3047644848249555,66.16566748256004,False,0.0
443659,2024-10-15,77.0601150349714,91.88442148866132,500.0,422.93988496502857,548.8440872078767,0.3516756083081307,86.47299136549975,True,77.0601150349714
1144913,2024-09-15,154.1905630792887,154.07820874359876,500.0,345.8094369207113,224.27406062645176,0.3396634730107664,109.85662123219485,False,0.0
1290714,2024-09-17,563.8223561149279,684.4945772070403,500.0,-63.82235611492786,-11.319585933892713,0.4897631236733983,267.9547402457343,True,563.8223561149279
1735038,2024-08-09,141.3061127113465,169.78248427571222,500.0,358.6938872886535,253.84173437802838,0.32931117721170106,111.30273294270394,False,0.0
221057,2024-10-23,98.29732109399104,94.24351916011156,500.0,401.70267890600894,408.66086118654687,0.2697322212285161,67.34973353971303,True,98.29732109399104
1088769,2024-10-16,95.13475807637286,85.09681760025018,500.0,404.86524192362714,425.57026486429595,0.4107070989304238,96.26039262745608,False,0.0
1552933,2024-09-22,237.4600834271639,302.4404974885388,500.0,262.5399165728361,110.5617048489604,0.2750212632020409,116.77168203297995,False,0.0
409576,2024-10-15,161.11043656065902,136.9701624525863,500.0,338.889563439341,210.34612696350496,0.3966536611992075,121.2860797857052,False,0.0
782298,2024-11-01,98.88343973479266,92.38850624114394,500.0,401.11656026520734,405.6458405381224,0.21713943133201144,53.57028935020783,True,98.88343973479266
901882,2024-07-10,55.496489821177846,66.72763884728118,500.0,444.5035101788221,800.9578833023716,0.18730119818280547,37.067220218426726,False,0.0
935897,2024-08-24,82.21696471406443,86.29626374577299,500.0,417.78303528593557,508.1469946487426,0.3995520069810208,94.48475237177209,False,0.0
432958,2024-09-09,347.11722307110904,365.2282386344341,500.0,152.88277692889096,44.04355841990935,0.2967300231541715,134.3852161850044,False,0.0
1574351,2024-10-16,93.04830199287318,84.44214525603675,500.0,406.9516980071268,437.3553190022708,0.44949168881932244,104.82990305645266,False,0.0
861357,2024-10-17,388.6997397465594,527.6211734594142,500.0,111.30026025344063,28.633994024799396,0.38023597872428616,193.1848085008282,True,388.6997397465594
205197,2024-10-05,101.4292493902738,97.51069573082987,500.0,398.5707506097262,392.9544515075015,0.2863121009248686,72.95320973942738,False,0.0
906270,2024-12-15,151.3665190273886,137.4294212922715,500.0,348.63348097261144,230.324039432742,0.2491477997737534,76.30783159086732,False,0.0
1809631,2024-11-29,285.63522394398956,302.9633618377601,500.0,214.36477605601044,75.04843873808974,0.24795296848481377,105.34295931514966,False,0.0
901447,2024-08-29,122.1206271044789,134.3587424971928,500.0,377.8793728955211,309.4312417608458,0.38208281491166285,115.72745755572348,False,0.0
1120691,2024-11-11,67.35239430796715,62.244751499543284,500.0,432.64760569203287,642.364106187172,0.42487367097691275,79.6510322652655,True,67.35239430796715
530164,2024-11-20,70.06933307924257,80.89965299831297,500.0,429.9306669207574,613.5789339318268,0.32131410282995254,72.87089460951343,False,0.0
1181948,2024-11-09,39.61215507236955,43.68680360307098,450.0,410.38784492763045,1036.014940812665,0.2206533284294401,29.821914516221888,False,0.0
1047070,2024-09-13,210.6106276642252,173.30709848600065,500.0,289.3893723357748,137.4049237425691,0.3600256898368325,122.79344313525824,False,0.0
1513843,2024-12-22,180.36210025439908,169.59559017314055,500.0,319.6378997456009,177.2201029455493,0.3914726580224569,132.24779969872074,False,0.0
469137,2024-10-06,65.29203702869579,64.95553071171284,500.0,434.7079629713042,665.7901679193291,0.5584854081765631,108.27033757210401,False,0.0
754614,2024-10-03,42.63160260228325,41.49120158762581,430.0,387.36839739771676,908.6414156454213,0.2514440756041503,32.27506182608194,False,0.0
1325348,2024-10-31,93.2843581551462,91.49232454786149,500.0,406.7156418448538,435.99554082628015,0.483968141244346,118.6917578900902,False,0.0
86944,2024-08-15,291.38531243580866,287.5203580060711,500.0,208.61468756419134,71.59409848777074,0.14826909660192533,61.82863369478136,True,291.38531243580866
654511,2024-07-23,185.3210410743249,190.75912280423393,500.0,314.6789589256751,169.80206732136253,0.3965887752155492,140.9716480944175,False,0.0
1042156,2024-07-11,209.79983771232588,240.68085738392568,500.0,290.2001622876741,138.32239598087386,0.4679758841102536,182.66481959672177,False,0.0
160638,2024-11-21,105.89387433822814,98.9326168343662,500.0,394.10612566177184,372.17084380441617,0.34435470017036984,88.49042245377575,False,0.0
207236,2024-12-09,68.256807245496,69.5682905381654,500.0,431.743192754504,632.527670392894,0.18502463524213078,37.773725761186974,False,0.0
371827,2024-10-26,177.9546492242932,162.64525498191236,500.0,322.04535077570677,180.97046195730596,0.4764325376960718,157.9585908927643,False,0.0
1693837,2024-10-11,76.745847374122,83.32052861506394,500.0,423.254152625878,551.5010480796326,0.32639377378365175,75.46649319813275,False,0.0
552225,2024-12-04,41.580062423515216,47.26936155803163,490.0,448.4199375764848,1078.4494092603504,0.36087943777671205,52.77290550698795,False,0.0
409873,2024-08-30,157.7614570195871,172.7971510069309,500.0,342.2385429804129,216.93419257526364,0.36764675835610744,125.23024345705522,False,0.0
1128000,2024-09-02,163.76097919135324,164.65705538744183,500.0,336.2390208086467,205.3230399995071,0.4321130281369578,144.06152035017448,True,163.76097919135324
1137909,2024-09-19,129.34033795082365,159.09865829967492,500.0,370.65966204917635,286.5770013606308,0.31213593676946744,102.454707238924,True,129.34033795082365
1911462,2024-08-03,157.5245036154659,139.72076132664236,500.0,342.4754963845341,217.41093513968676,0.5192298799121636,160.31516715457408,False,0.0
640091,2024-07-14,88.09611506094079,78.83361601955123,500.0,411.9038849390592,467.56191763294356,0.42955174429402226,95.75125518272152,False,0.0
901447,2024-08-05,146.6343483213111,129.64292543050937,500.0,353.3656516786889,240.98422758655414,0.324493113839509,96.54526046037016,False,0.0
1205592,2024-07-25,447.25943623168865,445.9712093539809,500.0,52.74056376831135,11.791939866639451,0.5130490467032516,247.72416472010318,False,0.0
946890,2024-11-27,125.69702710090849,131.02883750487257,500.0,374.3029728990915,297.7818819840539,0.3615636181647733,108.1514157003274,False,0.0
106236,2024-09-24,37.2138414102959,45.6768064413275,470.0,432.7861585897041,1162.9709328259935,0.3516023528378264,49.684566993789375,False,0.0
1188937,2024-11-30,80.3512573343268,83.01035020881123,500.0,419.6487426656732,522.2677983987132,0.321804659575032,74.22539693216987,True,80.3512573343268
1825581,2024-12-23,29.191491484613316,30.25009616907074,310.0,280.8085085153867,961.953275540578,0.2877766689464737,26.930778724224037,False,0.0
790296,2024-11-23,44.07896150010924,37.93606945092072,390.0,345.92103849989076,784.7758357443006,0.4286755888621795,50.30997053389101,False,0.0
666287,2024-09-06,225.2862387959312,260.42903928475863,500.0,274.71376120406876,121.93987643111659,0.46593012899131886,187.37769121613107,False,0.0
1637979,2024-12-31,331.21315500511986,324.807035496292,500.0,168.78684499488014,50.960187554226536,0.11274770398038536,49.07833993111604,True,331.21315500511986
956307,2024-11-26,59.74558921330703,69.43160910088271,500.0,440.254410786693,736.8818628850946,0.3093618503612205,63.066543688145266,False,0.0
568220,2024-09-30,173.6350819718416,166.1459957644152,500.0,326.3649180281584,187.9602407082026,0.32215920217536037,107.83919099329151,False,0.0
641204,2024-12-31,79.8424715240204,85.08302681318806,500.0,420.1575284759796,526.2331193612616,0.20151638160688418,47.22595247838272,False,0.0
214043,2024-08-15,116.54412721937976,131.85575844417198,500.0,383.4558727806202,329.02204678131267,0.28258179236028863,84.79292619390472,False,0.0
530164,2024-09-25,89.05787451314902,102.78818128642726,500.0,410.94212548685095,461.4326669408409,0.4993263987160443,131.1777096468267,False,0.0
475278,2024-09-21,64.65118834460628,64.1025481523115,500.0,435.3488116553937,673.3809892787748,0.38265841711139087,73.42503380047567,False,0.0
930750,2024-09-08,102.65106914034024,96.84872864759468,500.0,397.34893085965973,387.0869871958381,0.4212655868822319,106.90933866754578,False,0.0
586587,2024-07-05,110.80087802360012,97.91619110991364,500.0,389.19912197639985,351.2599619413685,0.4007649517874443,102.36561754519698,False,0.0
1358668,2024-09-17,144.9853673208915,145.98652511187078,500.0,355.0146326791085,244.8623880045535,0.39643406047077645,125.00990464506076,True,144.9853673208915
789938,2024-11-26,97.20166036064096,109.21997895688558,500.0,402.798339639359,414.3945053457757,0.49286825423981506,133.96818896052994,False,0.0
1515015,2024-08-20,74.74395703973204,94.17945008529739,500.0,425.25604296026796,568.950400544371,0.3756968127855849,93.76982415763764,False,0.0
392784,2024-10-21,173.2349759885998,148.9283312009278,500.0,326.7650240114002,188.62531780701366,0.32263279476365203,102.70323424778077,False,0.0
650397,2024-07-22,743.5222685069141,634.0551468893268,500.0,-243.5222685069141,-32.7525184949655,0.6211741353428668,332.7189897730829,False,0.0
907139,2024-07-21,50.59043433496782,54.46656613766549,500.0,449.4095656650322,888.3291309369188,0.30969810090021666,51.85796910708753,False,0.0
407365,2024-07-20,233.2147359323129,198.58212341098135,500.0,266.7852640676871,114.39468565361905,0.4989834175913261,180.3771141505989,False,0.0
1395000,2024-08-29,182.34311116101856,211.23020752655628,500.0,317.65688883898144,174.20833000840582,0.26725278341393954,99.084255594681,False,0.0
1608237,2024-09-02,87.86871963297523,90.2395612848191,500.0,412.1312803670248,469.030710915652,0.29586947474168157,71.94923534999694,True,87.86871963297523
598380,2024-10-29,44.89951709688765,56.07039477982714,500.0,455.1004829031124,1013.5977229355527,0.2757862026641704,47.380063517065096,False,0.0
1062237,2024-11-02,68.31646558316956,82.86230246254595,500.0,431.6835344168304,631.8879800526156,0.5137999067105116,118.37221219842988,False,0.0
970594,2024-11-10,179.5766418060976,159.03007538170925,500.0,320.4233581939024,178.432648573464,0.49860833311381986,163.6296857450502,False,0.0
1794649,2024-10-27,85.65373439583468,73.25264723389256,500.0,414.3462656041653,483.7457100111153,0.3785277292254465,80.20849024188924,False,0.0
1134345,2024-08-23,91.98004056252525,99.22593414542308,500.0,408.01995943747477,443.59619428534074,0.32029984381818477,82.4511685067301,True,91.98004056252525
1280311,2024-08-05,176.58174670828322,199.18716245231187,500.0,323.4182532917168,183.15497457730473,0.3117357059839062,112.83134216428111,False,0.0
1759941,2024-12-30,129.61399839409674,159.7360661993208,500.0,370.3860016059033,285.7608022242546,0.22583205096284062,74.26198275818741,False,0.0
1162135,2024-10-08,85.96561634543235,87.0587230494329,500.0,414.03438365456765,481.62788944694944,0.31706832484621494,75.39764770892705,False,0.0
789227,2024-11-22,95.39821389052496,92.65305143977872,500.0,404.60178610947503,424.11882739626475,0.350096947555815,86.52228334874837,False,0.0
811614,2024-08-12,231.72356794428865,204.42110753280653,500.0,268.2764320557113,115.7743402778136,0.23132378187715855,84.62659090675972,False,0.0
939841,2024-10-11,156.25339807401204,148.29797685443467,500.0,343.746601925988,219.99304089576768,0.20454970237615583,64.98387078303885,False,0.0
1826996,2024-12-14,48.02486929916442,53.075483793291006,500.0,451.97513070083556,941.1272478126232,0.26779370651402573,43.80195976956016,False,0.0
1120691,2024-07-01,73.80444772173993,81.80066130037828,500.0,426.19555227826004,577.4659460702385,0.3286279757716048,75.0755817519229,True,73.80444772173993
469017,2024-11-18,32.62200841922711,38.98304171840541,400.0,367.3779915807729,1126.1660743249756,0.31360958581370507,37.82114707842596,False,0.0
853648,2024-11-21,130.7200985192156,114.01867112107684,500.0,369.27990148078436,282.4966517497697,0.3604423752571788,100.29781910784727,False,0.0
116084,2024-07-20,68.82941619979367,77.04983631696544,500.0,431.1705838002063,626.4335913421547,0.3622843734316413,79.51296093429822,False,0.0
1396522,2024-07-30,106.08813570954484,90.75684044981692,500.0,393.9118642904551,371.30623670203164,0.47593283120976493,116.14491683277498,True,106.08813570954484
1788114,2024-11-17,251.32999583067263,312.70058539189233,500.0,248.67000416932737,98.94163382585764,0.41823737646428527,179.67298089830072,True,251.32999583067263
1523037,2024-12-07,80.12120297347357,64.0017332371225,500.0,419.8787970265264,524.054534185588,0.32977261505147715,63.199375027900324,False,0.0
944494,2024-07-14,177.61816156734886,217.4992376562247,500.0,322.38183843265114,181.50274475755742,0.29025769223096404,108.8867154181868,False,0.0
964827,2024-09-15,75.9138078482518,74.92948392483453,500.0,424.0861921517482,558.6417071838589,0.4359424945896074,93.85445365411378,False,0.0
1366373,2024-10-18,1050.5310178869092,721.0772399890394,500.0,-550.5310178869092,-52.40502265171332,0.2949139643787271,163.6538707235263,False,0.0
1382412,2024-12-31,29.58941242297811,29.84837910404533,310.0,280.4105875770219,947.6720374456127,0.29663159010960494,27.39063956356545,False,0.0
1049533,2024-07-05,146.73599260329334,142.34131713551795,500.0,353.2640073967067,240.74802720813707,0.2825501760445932,88.02651749494247,False,0.0
43995,2024-12-25,105.6924389549002,125.83925631629596,500.0,394.3075610450998,373.07073707832024,0.3016561669859617,88.40323188881808,False,0.0
122032,2024-12-20,86.91867286950001,80.2002469262757,500.0,413.0813271305,475.2503846333476,0.33272422572350036,75.02524511375586,False,0.0
1829061,2024-09-04,223.24634570879076,225.9264079633727,500.0,276.7536542912093,123.96783177459713,0.4415981250151584,168.1783106995763,False,0.0
1580408,2024-10-17,184.83928886901353,147.15767463362707,500.0,315.16071113098644,170.5052605749448,0.40177113082092114,127.174415776728,False,0.0
699752,2024-08-08,74.81291292902809,67.0898734183654,500.0,425.1870870709719,568.3338215614319,0.23019526945842184,45.742965792869995,False,0.0
86026,2024-11-15,202.8930960513879,195.8221981748441,500.0,297.1069039486121,146.43519652998057,0.44469978190848003,159.82058771017864,True,202.8930960513879
871497,2024-10-01,65.16626281357279,69.02626960185559,500.0,434.83373718642724,667.2681820505754,0.376603217460285,76.44362076673426,False,0.0
1721152,2024-12-05,52.39264906872403,60.696622718419796,500.0,447.60735093127596,854.3323517467962,0.39826980065238876,73.15897378340556,False,0.0
1548418,2024-11-29,116.8999472373038,138.79002962744022,500.0,383.1000527626962,327.7161896275395,0.3878278125871046,119.35521824590381,False,0.0
1308467,2024-12-12,76.72504910453333,73.75871170577248,500.0,423.27495089546665,551.6776539546813,0.4035230835134122,85.92162630282277,False,0.0
854928,2024-12-19,162.29046022324664,158.27226457066288,500.0,337.70953977675333,208.0895816748565,0.3813989600047038,124.89149103290536,False,0.0
1047537,2024-11-17,150.05134357195797,132.7906932166188,500.0,349.948656428042,233.21927554765423,0.44219432913720746,133.15572678773603,False,0.0
1895639,2024-12-22,179.7337349154095,178.0245240641364,500.0,320.2662650845905,178.189289414879,0.4555402497950204,157.2055657040951,False,0.0
152261,2024-12-22,78.73227761142682,86.29458945545115,500.0,421.2677223885732,535.0635535627289,0.30058659041498026,71.08085941576259,False,0.0
1459990,2024-11-12,123.1608727387344,140.70582398413055,500.0,376.8391272612656,305.9730894085722,0.42357969483590496,131.2290086657888,False,0.0
246473,2024-12-27,42.74793325319929,33.73748894218181,350.0,307.2520667468007,718.7530328704387,0.2844579567287387,29.689170530138018,False,0.0
137012,2024-12-08,90.39098697089206,96.30136539535319,500.0,409.6090130291079,453.1524953489127,0.4019185208856637,101.6577176432599,False,0.0
653887,2024-11-15,172.93645338182972,147.84120590532424,500.0,327.0635466181703,189.12354233149466,0.40638971371886634,128.91884630266884,False,0.0
253368,2024-08-29,157.97985068846154,196.12452521066106,500.0,342.0201493115385,216.49605808655116,0.4002472765326411,143.93742740333934,False,0.0
435366,2024-11-04,1113.9266329456489,1140.1738446697045,500.0,-613.9266329456489,-55.11374041952759,0.14984632984115193,93.45154208001044,False,0.0
510744,2024-09-27,107.14186383065255,121.38819081284316,500.0,392.85813616934746,366.6709931332681,0.22198222042009447,63.854922729829234,False,0.0
1918227,2024-10-09,53.23558457179481,66.09487460900114,500.0,446.7644154282052,839.2213949030424,0.3374423569765519,66.29813194769103,True,53.23558457179481
22948,2024-11-12,44.80349200891156,50.316155187142996,500.0,455.1965079910884,1015.984441347894,0.214512553407718,33.36908276919467,False,0.0
1043732,2024-07-01,388.3565659063983,419.34642015472514,500.0,111.64343409360168,28.74766230179046,0.20845851587966346,98.72874411912039,False,0.0
316354,2024-11-30,99.20227985138828,126.14033350925354,500.0,400.7977201486117,404.02067447344325,0.39123371559939263,114.79503080167686,False,0.0
1724696,2024-11-22,306.3741900755593,267.3920007961124,500.0,193.62580992444072,63.19912583912108,0.4400352132556279,178.7054056409678,False,0.0
646585,2024-07-12,97.5518824706997,96.14385338122548,500.0,402.4481175293003,412.5477718486653,0.5225759221920986,132.04741913328306,False,0.0
767188,2024-09-16,145.97287298875716,121.97769468052185,500.0,354.02712701124284,242.5293958820075,0.39260993763879654,113.22262639761385,True,145.97287298875716
1277339,2024-08-07,455.3007289953535,365.21478881033494,500.0,44.699271004646505,9.817526781316152,0.3866095119744783,175.0883466086127,True,455.3007289953535
1226700,2024-09-13,150.0099865954206,152.24602886785735,500.0,349.9900134045794,233.31114237647935,0.34475624271247896,110.88514276192112,True,150.0099865954206
610644,2024-12-16,105.17121603563186,107.60300513248995,500.0,394.82878396436814,375.4152503386485,0.38469847702186877,103.70550420468375,False,0.0
353877,2024-07-22,66.01573813032022,59.3218615209357,500.0,433.9842618696798,657.3951517636007,0.3528358400047107,63.60059013877987,False,0.0
371827,2024-07-25,205.4294848506704,203.9747869633536,500.0,294.5705151493296,143.3925199994816,0.41030369808984657,149.9693842652887,False,0.0
596804,2024-12-03,193.94782955666537,210.9815696033402,500.0,306.0521704433346,157.80128663616517,0.29528017078461116,109.42327286099824,False,0.0
884152,2024-11-15,84.03079948081547,82.96785390184681,500.0,415.96920051918454,495.01992494329625,0.3127519676927948,72.11333845760718,False,0.0
856733,2024-09-03,164.454826385366,196.3823375286003,500.0,335.545173614634,204.0348592922126,0.4504703307672358,162.08747057689965,False,0.0
1788114,2024-09-07,461.98852416156313,360.70927488519914,500.0,38.011475838436866,8.22779654698604,0.4065175201620754,183.34738169836982,False,0.0
1402800,2024-09-15,130.00332514834557,126.93090666995066,500.0,369.99667485165446,284.6055471500093,0.39105223098477415,115.10826536704617,False,0.0
997898,2024-11-09,415.57556244746826,425.92904899729297,500.0,84.42443755253174,20.31506305503794,0.4227249463977322,201.19581241347856,True,415.57556244746826
906270,2024-07-22,164.37534921390437,193.58998331527746,500.0,335.62465078609563,204.18186327278408,0.4027377584237328,144.04727462764615,False,0.0
1335520,2024-09-23,85.96774175758753,74.483615478318,500.0,414.03225824241247,481.6135096463318,0.31801370702592835,68.18075906689741,True,85.96774175758753
912027,2024-12-29,112.81706514303588,130.66329500301507,500.0,387.18293485696415,343.19536177090913,0.30496215364642953,91.09291113881508,False,0.0
501594,2024-08-14,232.37623208368075,197.63433376307626,500.0,267.62376791631925,115.16830508721974,0.2988814245062866,107.82791892454281,False,0.0
543164,2024-11-22,271.1541819763975,201.68825515165025,500.0,228.84581802360248,84.39693474597499,0.36525027589417874,132.8843572682521,True,271.1541819763975
1180152,2024-10-22,186.34721062624735,181.18829505366367,500.0,313.6527893737526,168.31633181933663,0.3626087531070615,126.09331558927641,False,0.0
1908480,2024-10-02,108.22660779437145,110.02704335844918,500.0,391.77339220562857,361.9935986074615,0.2407689897682138,65.71012202000117,False,0.0
781190,2024-10-06,30.377181804467472,47.77108657994054,490.0,459.62281819553255,1513.0528603806733,0.40413406538730606,59.72545065368061,False,0.0
251696,2024-07-23,137.24191843076446,116.60272871415371,500.0,362.7580815692355,264.320176894233,0.3718788630564478,104.73026827472752,False,0.0
709926,2024-11-01,75.92525310526499,72.04275954595938,500.0,424.07474689473503,558.5424210661312,0.2567254338823943,53.75773054219062,False,0.0
339549,2024-07-13,135.42362381347914,115.47798644829953,500.0,364.57637618652086,269.21180065943076,0.33709395096148964,94.44387280708116,False,0.0
214057,2024-11-30,107.6421382503061,127.68737243682158,500.0,392.3578617496939,364.5021068211436,0.277744975639533,82.00323646887882,True,107.6421382503061
335536,2024-07-06,79.32831729396399,75.3653954613518,500.0,420.671682706036,530.2919525535485,0.3083320195136001,66.6493634562899,False,0.0
788313,2024-08-14,117.6733786972669,144.6995967793231,500.0,382.3266213027331,324.9049407226828,0.4385709186246744,137.71467276370726,False,0.0
557129,2024-10-03,209.56492439189336,231.52575254783656,500.0,290.4350756081067,138.5895451974508,0.27838465092575015,107.0423646302101,False,0.0
995268,2024-09-04,77.40891511188892,82.4099163643001,500.0,422.5910848881111,545.9204334246083,0.38253249754836266,87.81593941898879,False,0.0
206176,2024-09-03,524.0940288839292,687.4217795760325,500.0,-24.09402888392924,-4.597272160348411,0.3636509828913381,199.19018677415798,False,0.0
1013729,2024-10-12,130.5212964954635,104.51165193214119,500.0,369.4787035045365,283.0792471613078,0.5504204439158368,145.97346687963906,True,130.5212964954635
1553350,2024-09-06,268.25618741384346,251.53617097590848,500.0,231.74381258615654,86.38899062135754,0.32943377773059274,130.76768561591908,False,0.0
216223,2024-08-10,215.70309100106817,224.39895321629544,500.0,284.2969089989318,131.80010897364653,0.5628739238658096,213.79224374207004,False,0.0
1634384,2024-10-03,41.791306674324346,48.6638364046485,500.0,458.20869332567565,1096.4210736372809,0.26961711927636767,40.590644721698176,False,0.0
1804639,2024-09-26,89.1264142317257,94.92435182492683,500.0,410.8735857682743,461.0009157330359,0.3874930107559975,97.1719427283192,False,0.0
610644,2024-07-12,176.72929437714677,181.5006456731949,500.0,323.27070562285326,182.91857428739672,0.42315867016631054,147.25822994878143,False,0.0
1047071,2024-09-10,199.58061316994983,213.1571039288821,500.0,300.41938683005014,150.52533513073868,0.3472865898505478,129.2299263088612,True,199.58061316994983
468269,2024-12-26,114.44866544813192,102.3285371167768,500.0,385.5513345518681,336.87709073951567,0.43313608186823443,113.49771137411797,False,0.0
1095846,2024-09-07,265.22428565463093,303.1580717162468,500.0,234.77571434536907,88.51968957740495,0.31509243435161216,133.89756547445245,False,0.0
409873,2024-12-30,102.13204467687386,94.59747479459814,500.0,397.8679553231261,389.56231277059396,0.2522960786046667,63.13795212498428,False,0.0
475278,2024-08-28,62.65962678703268,59.515960462845605,500.0,437.34037321296734,697.9619822815068,0.48936302631598705,88.45014685697556,False,0.0
1604959,2024-07-31,212.38308246137603,210.85533935221207,500.0,287.61691753862397,135.42364778085843,0.4463780239396197,165.37619733659966,True,212.38308246137603
1820046,2024-10-07,115.07467309341648,137.74722903167637,500.0,384.9253269065835,334.50047396102957,0.32360244603584354,99.22357582140977,False,0.0
598428,2024-09-24,237.389913398471,310.4500473866373,500.0,262.610086601529,110.62394473379527,0.4000655526173644,171.43298482032998,False,0.0
1326421,2024-12-02,67.32799828806007,68.40825380569632,500.0,432.6720017119399,642.6330987307399,0.41874491165314043,84.43271249378552,False,0.0
1272834,2024-12-09,124.75471006719694,105.27238057609168,500.0,375.2452899328031,300.7864710925013,0.46018686671396763,122.54382756563282,False,0.0
1671670,2024-07-02,52.33250968608633,57.28609393109954,500.0,447.6674903139137,855.4290497421629,0.18588467116325325,32.5330650548814,False,0.0
1181402,2024-10-06,170.04422317346527,150.04496879587634,500.0,329.9557768265347,194.04115627611807,0.4011534048941669,128.14807065087288,False,0.0
1088279,2024-09-03,102.71589847340223,89.45990101163396,500.0,397.28410152659774,386.7795613251365,0.35459925709446954,85.76953179547766,False,0.0
1400830,2024-07-20,64.53521780493764,67.86212449863467,500.0,435.46478219506236,674.7707639436285,0.316493393411435,63.43492754650697,False,0.0
1056203,2024-12-30,58.3988917760702,69.89305873039373,500.0,441.6011082239298,756.1806308195772,0.35748645412839186,73.23243586013136,False,0.0
386226,2024-09-17,11.370918202724509,12.424545605617611,130.0,118.62908179727549,1043.2673921517753,0.34839733718286836,13.390109006746686,True,11.370918202724509
179683,2024-11-26,162.39594371283624,148.0764796798971,500.0,337.60405628716376,207.8894635965458,0.27624291097242004,87.69831746322843,False,0.0
650227,2024-09-30,172.42614628130448,165.2383036362624,500.0,327.57385371869555,189.97922344345358,0.2553107006699933,85.25260613675371,False,0.0
60916,2024-11-24,114.1819353717331,115.69717155385192,500.0,385.8180646282669,337.89763973801064,0.434445900584919,121.84261774401331,False,0.0
1193734,2024-09-13,126.4068657085241,154.63660596107502,500.0,373.5931342914759,295.5481351407981,0.4367861605380247,141.50581694822662,True,126.4068657085241
948914,2024-07-02,81.93883126288904,93.8829014740693,500.0,418.06116873711096,510.2112909028705,0.4639093838918466,115.5672624836877,False,0.0
956307,2024-10-04,91.80003456320505,82.56528762696982,500.0,408.19996543679497,444.662104299913,0.40074127572153173,92.10925496720796,False,0.0
1006123,2024-09-29,159.31533027782407,170.62384503239318,500.0,340.68466972217595,213.84299246536327,0.23718589159693565,80.3415014478856,True,159.31533027782407
1366373,2024-09-25,808.9753014329071,883.6626202211439,500.0,-308.97530143290714,-38.19341590350545,0.21604340042497866,126.4761460576414,False,0.0
1006980,2024-12-02,100.3951958865692,111.85467787224492,500.0,399.6048041134308,398.0317988172676,0.30147638056169973,83.02323727391082,False,0.0
409873,2024-08-11,162.52528858581616,173.25014361803625,500.0,337.47471141418384,207.64443143012255,0.44220935016258667,150.80190327549036,False,0.0
1632267,2024-08-03,269.9601556883537,273.14237145767254,500.0,230.03984431164628,85.21251727873795,0.307090131598986,125.69437394412566,False,0.0
1588286,2024-10-23,135.86334261129727,108.95294854075188,500.0,364.1366573887027,268.01685457606584,0.22979021916449635,62.37568268035211,False,0.0
364637,2024-08-31,578.5426711187788,590.4027066138382,500.0,-78.5426711187788,-13.575951271994152,0.39837876817156626,209.12077311800275,True,578.5426711187788
116084,2024-07-29,60.40244900801208,60.87502563011558,500.0,439.59755099198793,727.7810059219247,0.36167784042841605,66.59654932555618,True,60.40244900801208
1792848,2024-10-01,95.071845801005,102.06031094243957,500.0,404.928154198995,425.91805259208985,0.19536161429524454,51.115071832402556,True,95.071845801005
1000094,2024-07-31,115.9854610760032,100.49725699096089,500.0,384.0145389239968,331.08851347528713,0.4202038823409457,108.97077958130251,False,0.0
497159,2024-07-21,212.84538025449925,217.1337781051744,500.0,287.1546197455008,134.91231024236936,0.3900115484926696,146.20980428295618,False,0.0
1659741,2024-11-03,114.97518990535234,107.13368136505046,500.0,385.02481009464765,334.87642891618646,0.4241691787080417,114.06774402617846,False,0.0
754614,2024-12-26,36.15454050606406,33.63731319449906,350.0,313.84545949393595,868.066514194243,0.2871792894325449,29.88353076330935,False,0.0
865703,2024-11-09,130.34977620910806,117.46796245593552,500.0,369.6502237908919,283.58332061721103,0.34717116770185263,98.15696472047684,False,0.0
1607348,2024-10-04,230.61941676989255,227.71898398545568,500.0,269.38058323010745,116.80741674014811,0.38274401827449206,146.21802723427945,False,0.0
987662,2024-09-12,90.12375648008344,86.44361262454511,500.0,409.87624351991656,454.7926756809073,0.3598051558831855,85.17762223106917,False,0.0
132815,2024-09-06,77.30950886839611,67.60576835826558,500.0,422.6904911316039,546.7509719291445,0.420208189750989,83.98397772174633,False,0.0
1004039,2024-09-27,195.79233260768785,200.2378765063705,500.0,304.20766739231215,155.3726151278139,0.2939670691398545,106.63205416070792,False,0.0
1047224,2024-12-03,73.24337309324639,91.67104195745591,500.0,426.7566269067536,582.6556163155515,0.27844242247221446,68.36868725337986,False,0.0
1224216,2024-11-01,164.15997932483376,125.3355020499433,500.0,335.8400206751662,204.5809350466707,0.3818032784211918,111.6613884415083,True,164.15997932483376
1790431,2024-11-15,88.80441518499035,92.5823646522735,500.0,411.1955848150096,463.03506864882723,0.5413821430113805,133.73415878853342,False,0.0
1608237,2024-11-23,89.49515447192974,86.54290040595028,500.0,410.5048455280703,458.6894653127009,0.4983345905811572,118.05786780342393,False,0.0
888705,2024-07-09,72.48655697952495,61.66146201693356,500.0,427.51344302047505,589.7830726616432,0.34259469537634835,63.74236570743391,False,0.0
1278249,2024-12-24,217.16970937292717,205.55122082975493,500.0,282.8302906270728,130.23468670826108,0.45777158762677206,167.84793711332804,False,0.0
872831,2024-12-30,83.72888246834673,82.73632768549072,500.0,416.27111753165326,497.16550043412127,0.27578457207735546,63.47391568854177,False,0.0
214026,2024-10-12,89.62403491420261,75.48648173482144,500.0,410.37596508579736,457.8860631287708,0.43875706885538435,94.94782990094116,True,89.62403491420261
1046805,2024-08-01,177.22997641379845,177.12784403106352,500.0,322.77002358620155,182.11931757672565,0.4031761592408949,138.82949660424583,False,0.0
160638,2024-10-18,112.7479773684688,114.62592233808635,500.0,387.2520226315312,343.46693543420537,0.4416078522840652,123.23503506202547,False,0.0
553401,2024-10-17,88.15481969203218,99.3998467754543,500.0,411.84518030796784,467.183963108023,0.44736816070571495,115.27844102000348,True,88.15481969203218
679550,2024-08-04,189.22303427708084,185.18525248818707,500.0,310.77696572291916,164.23844322665596,0.33231114135262024,116.64529424145796,False,0.0
1876635,2024-08-10,520.8780462093978,538.2329305985861,500.0,-20.87804620939778,-4.008240769856638,0.34412559640571183,175.86624590343064,True,520.8780462093978
1554827,2024-07-30,74.56841014456383,70.38421313522049,500.0,425.4315898554362,570.5252251330866,0.4650911344556162,95.76418734255756,True,74.56841014456383
1867048,2024-10-03,107.95350954144364,95.28053291624143,500.0,392.0464904585564,363.16233916234904,0.30795354969988,77.39877031801434,False,0.0
1006632,2024-10-31,129.4583457571236,123.12533295987583,500.0,370.5416542428764,286.22461694207686,0.4396326153013505,127.40078643035402,True,129.4583457571236
157574,2024-10-01,153.93519670654075,185.8054521397141,500.0,346.06480329345925,224.8120057644717,0.2703947895178515,95.04750287005133,False,0.0
853648,2024-11-18,133.14215255596548,115.1817193029165,500.0,366.8578474440345,275.5384680218596,0.40659617535949244,113.75969088085259,False,0.0
1638333,2024-09-03,123.16497523296248,123.67716012199011,500.0,376.8350247670375,305.9595668770822,0.36547097663090233,106.15469208708485,False,0.0
609827,2024-07-27,114.16511430371249,115.02119160940393,500.0,385.83488569628753,337.9621594998401,0.3627619608809603,101.41962618965466,False,0.0
1212242,2024-10-13,157.9612243082994,167.36342823039465,500.0,342.0387756917006,216.5333784854247,0.3043661262864209,102.21647385988526,False,0.0
207654,2024-07-20,72.0697098185746,68.47841736548547,500.0,427.9302901814254,593.7727392807325,0.43550131727289115,87.87832067351529,False,0.0
781278,2024-07-24,199.8105379073998,253.14141162941326,500.0,300.1894620926002,150.2370521777585,0.35423931948910076,140.95218867799198,False,0.0
1000094,2024-10-02,91.47272655879048,78.2369534188381,500.0,408.5272734412095,446.6110159935429,0.32358155034556957,71.76071217766561,False,0.0
122032,2024-10-24,94.02450114547322,83.17986854560066,500.0,405.9754988545268,431.77628587085815,0.3123159275066406,72.13235804571107,False,0.0
668536,2024-11-01,162.6177836716044,169.42238206082683,500.0,337.3822163283956,207.46944689008683,0.45606866613235,153.99980351626078,True,162.6177836716044
1610471,2024-12-07,91.92533820125148,106.14528472789065,500.0,408.07466179874854,443.9196741439815,0.3044783629839403,81.45712695330273,False,0.0
216223,2024-09-22,258.31363807929665,223.06384753017298,500.0,241.68636192070335,93.56314429147984,0.425039350934968,161.05909507170895,False,0.0
1362901,2024-07-20,107.92604393085035,141.250251851899,500.0,392.07395606914963,363.2802072503988,0.4985078454495842,154.731231098943,False,0.0
1695919,2024-10-03,29.758229298017923,41.89816884359985,430.0,400.2417707019821,1344.9784484611139,0.43766992396914994,56.72987479421128,False,0.0
617435,2024-11-27,81.4492409873934,78.3819278803007,500.0,418.5507590126066,513.8792626408751,0.40268074668770604,89.41437132507542,False,0.0
1694738,2024-12-10,117.68209881588795,122.3827024927692,500.0,382.31790118411203,324.8734557175456,0.28862342039039385,83.37803626952443,False,0.0
1562900,2024-08-04,158.31350946446926,188.4046515507485,500.0,341.68649053553077,215.82901654531034,0.5208587217083757,184.17439027677554,False,0.0
923046,2024-11-10,114.75944147581376,133.4624400083791,500.0,385.2405585241862,335.6939991777304,0.33017364002818234,99.67341234727154,False,0.0
680950,2024-08-14,84.69944207751392,101.4250441370434,500.0,415.30055792248606,490.32266061731286,0.42371124124178927,110.46439838591279,True,84.69944207751392
1137351,2024-10-10,61.675666870692645,69.21355288551949,500.0,438.3243331293074,710.6924908461632,0.3832100416711808,77.94043485479199,False,0.0
1226700,2024-07-30,113.69974282802217,141.08638925386418,500.0,386.3002571719778,339.75473256459395,0.4631759611059502,143.6839659358523,False,0.0
1223070,2024-07-13,91.3915077353719,93.71828384887132,500.0,408.6084922646281,447.096784361816,0.42413984788129633,105.54838048167585,False,0.0
699851,2024-09-10,99.1677460829552,108.61409661531549,500.0,400.8322539170448,404.19619256218954,0.354135763998921,95.96334299666549,False,0.0
996971,2024-09-13,74.40933334608224,78.83989381446814,500.0,425.59066665391776,571.9587147414294,0.3705990521479014,82.61455425079197,True,74.40933334608224
1047617,2024-12-31,141.8435971805196,129.48095726590563,500.0,358.1564028194804,252.50093055921775,0.2203629554685283,65.5224696489683,False,0.0
631477,2024-12-03,67.52116807818932,62.384835364661015,500.0,432.4788319218107,640.5085164122182,0.2819987147336239,52.961366080625716,False,0.0
1787328,2024-11-17,65.06342817418206,66.3178824801782,500.0,434.93657182581796,668.4808717140513,0.3248257141299246,63.983429365814885,False,0.0
1258561,2024-08-01,205.6742256662816,195.08153030676567,500.0,294.3257743337184,143.10289652495356,0.41341908354298407,148.3436232464438,False,0.0
1166110,2024-11-21,201.3651922825698,211.55076564731073,500.0,298.6348077174302,148.30507911137133,0.4006625755151508,148.63721517154957,True,201.3651922825698
485547,2024-12-07,50.44686956453794,59.304836676170616,500.0,449.55313043546204,891.141778104462,0.462543449414258,83.35607209083898,False,0.0
1721152,2024-10-26,77.3313010209236,79.65327584670635,500.0,422.6686989790764,546.5687159003242,0.36213154035358497,81.28450174878827,False,0.0
1804679,2024-12-09,50.91114768049483,51.81416167213675,500.0,449.0888523195052,882.1031793230638,0.32561142565675566,52.08425360077924,False,0.0
1042156,2024-11-21,206.80942620860623,180.59059509105722,500.0,293.1905737913938,141.76847698211586,0.3921306184180059,136.16487497827055,False,0.0
69458,2024-10-25,217.7868089498716,164.64997029301608,500.0,282.2131910501284,129.58231603232036,0.4698225895337091,156.63042249661765,False,0.0
579921,2024-10-18,72.06818171881491,64.43257903280241,500.0,427.9318182811851,593.7874497109235,0.4537723473907099,87.42001134985541,False,0.0
1460133,2024-12-06,624.2662505960725,716.0463677406775,500.0,-124.2662505960725,-19.905969684796908,0.410373076689243,227.29355097146228,False,0.0
1137909,2024-08-22,137.6811477944688,156.09734175139016,500.0,362.3188522055312,263.1579254019605,0.25370224586881146,82.5498282989539,False,0.0
538897,2024-09-15,29.67621452677508,25.178044397652002,260.0,230.32378547322492,776.1225248773475,0.4263330837653661,33.20822515186203,False,0.0
86944,2024-07-23,305.29249004457915,244.24943256846697,500.0,194.70750995542085,63.777366396071336,0.25925993549805126,101.7691899973133,False,0.0
1026333,2024-08-29,97.7824765738622,117.35461778804294,500.0,402.2175234261378,411.33906352056215,0.37565954719227557,106.15719043511635,False,0.0
1088769,2024-11-17,107.2041944214348,93.01054362263142,500.0,392.7958055785652,366.39966159759524,0.35999512298838754,89.17644895951447,False,0.0
946429,2024-09-09,68.86020450438167,68.68846698114811,500.0,431.13979549561833,626.1087933135376,0.24509330406312352,49.569135898920734,False,0.0
1622650,2024-11-14,45.78117997179709,54.50259603543411,500.0,454.2188200282029,992.151841232617,0.2898042539386262,48.55555378035366,False,0.0
923046,2024-09-26,149.17496475702686,131.53672575355455,500.0,350.8250352429732,235.17688495143258,0.3573422981818609,107.09609411302333,False,0.0
1237627,2024-10-06,63.52731056829711,86.63240683660116,500.0,436.47268943170286,687.0630686662844,0.2907231384581068,68.91879202711438,False,0.0
1871528,2024-11-10,144.56216935450445,141.67677241022363,500.0,355.4378306454955,245.87195407525223,0.5024116957782296,156.17016251489682,False,0.0
1086703,2024-09-24,170.4839050958691,170.30442065211133,500.0,329.5160949041309,193.28281735383314,0.17127751892292392,57.96834823782351,False,0.0
1895639,2024-09-06,279.8838982515356,272.9952617503501,500.0,220.11610174846442,78.64550376908177,0.4079610625646135,166.94866178367772,False,0.0
1181472,2024-12-01,103.28265731931324,82.93261615173023,500.0,396.7173426806868,384.10838080412464,0.3393762164318237,78.23064637635008,False,0.0
1912942,2024-12-26,68.68567741624555,76.66819634398016,500.0,431.31432258375446,627.9538017364591,0.2715913200050518,59.40566673339698,True,68.68567741624555
586014,2024-10-31,96.714496208309,91.15132208808156,500.0,403.285503791691,416.9855808617071,0.31935380547593034,78.14170418400113,False,0.0
1918096,2024-08-22,189.16037194320825,163.637437531017,500.0,310.83962805679175,164.3259763467347,0.42316980628551365,140.6856670860553,False,0.0
1638333,2024-07-13,171.87830136708502,157.2614162948605,500.0,328.121698632915,190.90350324799687,0.40426552523989573,131.99075720558034,False,0.0
1047537,2024-08-09,189.90944387977595,184.668478332475,500.0,310.09055612022405,163.28337853304964,0.3053138197656301,107.04092358551884,False,0.0
1325161,2024-08-25,152.38399379021018,132.62794049041497,500.0,347.6160062097898,228.11845100237963,0.2560585116191067,77.05849185990604,False,0.0
968327,2024-12-29,517.2824081548687,518.5545079512094,500.0,-17.282408154868676,-3.341000560315694,0.1956042972516535,98.87123515834885,False,0.0
501594,2024-10-23,160.19693184074362,144.83178512200834,500.0,339.8030681592564,212.11584033148924,0.23942798209966176,75.21503883729129,False,0.0
402984,2024-11-14,125.5649350542492,102.43078545409851,500.0,374.4350649457508,298.20034134846605,0.33902646964766986,88.88829273136463,False,0.0
906270,2024-07-21,280.94170331297863,243.6481552840291,500.0,219.05829668702137,77.97286558164808,0.4262248272647666,167.15155262968042,False,0.0
653887,2024-12-31,93.788126379257,108.09552852189185,500.0,406.211873620743,433.1165247700101,0.2836195806018561,76.65133676166437,True,93.788126379257
781190,2024-08-16,50.977780627297726,48.07891249273948,500.0,449.0222193727023,880.8194743814691,0.2798505663856331,41.62366800068074,False,0.0
790296,2024-09-08,42.11665549196959,46.025651651012375,470.0,427.8833445080304,1015.9480602385801,0.4696319103951414,66.86700523819728,True,42.11665549196959
542997,2024-07-13,172.046633445099,213.5096317408432,500.0,327.953366554901,190.61888046740108,0.40341939106564395,150.217678946089,False,0.0
1047070,2024-08-22,177.52607397937894,180.24359849638068,500.0,322.4739260206211,181.648767863857,0.32485825973840354,112.71125415611108,False,0.0
567282,2024-07-13,90.59124485534716,112.1941172835924,500.0,409.40875514465284,451.9297155021791,0.3934745668534173,108.53735029391557,True,90.59124485534716
1912942,2024-09-27,175.81884569404914,153.3119435944948,500.0,324.1811543059508,184.38362112220557,0.38528827914552877,124.32481773614735,True,175.81884569404914
690011,2024-10-09,99.83243775374198,117.23149103687949,500.0,400.167562246258,400.83921744288835,0.5063574346409393,143.01122175869392,False,0.0
496666,2024-11-30,123.11047648137767,128.28975397261067,500.0,376.88952351862235,306.1392777369622,0.34183668744541906,101.16742104953715,False,0.0
1610471,2024-09-08,193.14418503093205,183.81622675251103,500.0,306.855814969068,158.87395984503755,0.5622490020521684,196.7305091159182,False,0.0
1181127,2024-12-14,243.45089732582915,183.50254717379218,500.0,256.54910267417085,105.38022471562772,0.3661088536238507,128.00742262171886,True,243.45089732582915
1160557,2024-07-01,52.26848615224074,60.44758363925098,500.0,447.7315138477593,856.5993523203755,0.48308802116997585,88.44147268410953,False,0.0
463868,2024-08-08,76.31664883344567,80.19586276781536,500.0,423.6833511665543,555.1650362572991,0.32729151062297157,73.7975504880947,False,0.0
1562900,2024-09-15,222.07758485953775,175.88590685339454,500.0,277.92241514046225,125.14654070839516,0.26769101153550423,91.89407185024028,False,0.0
1176051,2024-10-06,96.97058871268588,111.08546169458106,500.0,403.02941128731413,415.62025830476273,0.3775380483756029,103.57898302955881,False,0.0
1166143,2024-08-08,161.07336712514947,149.07517780038665,500.0,338.9266328748505,210.4175500419719,0.3565972222733025,113.56779759964917,False,0.0
43992,2024-08-08,167.74450990700396,151.92573049198305,500.0,332.25549009299607,198.0723484048423,0.3797397078983055,122.01703378499543,False,0.0
476113,2024-12-23,163.7613763977518,177.4368566328898,500.0,336.2386236022482,205.3222994325445,0.2711724032412861,93.44628308889062,False,0.0
1888578,2024-10-01,47.320357334057455,55.10832454108035,500.0,452.67964266594254,956.6276929615228,0.27748082118445383,46.95083796282875,True,47.320357334057455
1548862,2024-10-01,182.60298611258565,174.91730048842797,500.0,317.39701388741435,173.81808514988913,0.32739348596568896,112.11779136600519,False,0.0
1562900,2024-09-30,181.41318397869557,150.13456198312548,500.0,318.58681602130446,175.61392674675616,0.33211922737006366,106.12490664125725,True,181.41318397869557
166815,2024-12-24,102.82223745398456,138.85243249494454,500.0,397.17776254601546,386.27613284894926,0.23581046423044008,72.58730564132688,False,0.0
1612127,2024-07-15,482.9200857923398,502.4064502402032,500.0,17.07991420766018,3.536799298715586,0.28097784146900634,140.69128191031902,False,0.0
1565149,2024-11-02,177.93401529597747,154.28331087102225,500.0,322.0659847040225,181.00304439726958,0.40034737991686176,129.56337134024892,True,177.93401529597747
1882568,2024-11-04,128.41582065947176,137.5699734945838,500.0,371.58417934052824,289.36012512498843,0.40751606372735294,124.87461279063075,False,0.0
534934,2024-10-26,123.98268678330622,109.37113266100455,500.0,376.01731321669376,303.2821137953618,0.4502025988853432,122.46448599698796,False,0.0
1358668,2024-08-07,161.77279076612197,150.43628281893106,500.0,338.22720923387806,209.07546172140877,0.39287217948607717,125.6561313878117,False,0.0
1325137,2024-11-08,114.83226432545678,95.81898990829123,500.0,385.1677356745432,335.4176963565776,0.4381175221743574,110.48356489383472,False,0.0
261132,2024-08-17,141.726392435965,162.3636721276954,500.0,358.273607564035,252.7924414120049,0.3391728225681402,112.36272999717593,False,0.0
520248,2024-08-03,168.27492996334266,165.2936438750189,500.0,331.72507003665737,197.1327934047698,0.43563472908461714,145.4877621180424,False,0.0
234794,2024-08-04,219.01248977622288,193.6320687813467,500.0,280.9875102237771,128.29748226271366,0.261965638406014,93.70583085744332,False,0.0
600514,2024-12-13,81.55501640838808,65.87073819457304,500.0,418.4449835916119,513.083072040893,0.23340569471080286,45.73886419961221,False,0.0
897042,2024-07-19,231.06727108328172,240.81022754700228,500.0,268.93272891671825,116.38720085969638,0.44516410029952214,173.79658900280003,False,0.0
1303995,2024-07-13,522.8627929732701,583.6465707794675,500.0,-22.862792973270075,-4.372618071226742,0.32014798880806405,167.50242888803868,False,0.0
43992,2024-10-26,104.38525186016264,125.47687108915008,500.0,395.6147481398374,378.9948686140201,0.5320536134619026,155.693254001235,False,0.0
600514,2024-08-17,129.32524534871504,120.41474018504938,500.0,370.67475465128496,286.6221159308769,0.19501956176571736,55.86336869136112,False,0.0
897593,2024-07-27,275.61038956013374,227.0635989511049,500.0,224.38961043986626,81.41551223739629,0.48454595914673265,184.89949528898853,False,0.0
1146581,2024-10-27,74.00872645359047,79.8200056181835,500.0,425.9912735464095,575.5960059838902,0.43782290205660973,98.41160372865508,False,0.0
891803,2024-11-08,84.31946549681133,69.08496275018676,500.0,415.68053450318865,492.98288604415814,0.3684459972969846,74.83482662859493,True,84.31946549681133
1441063,2024-10-21,68.76536862541306,62.285253329498076,500.0,431.2346313745869,627.1101864132507,0.32358708985488854,60.69441800609308,False,0.0
1258926,2024-07-31,134.03601641346162,128.78552377003894,500.0,365.96398358653835,273.0340645589222,0.3356910361182375,99.54281453496243,False,0.0
709926,2024-07-12,82.00244009656417,103.59226148120251,500.0,417.99755990343584,509.73795342091233,0.39948434700443797,105.41520237523953,False,0.0
1247248,2024-08-12,70.78280842811259,65.10332241394036,500.0,429.2171915718874,606.3862131265994,0.31391459188022713,60.963821850738334,False,0.0
1322754,2024-11-23,101.4049197524575,122.05734966482561,500.0,398.5950802475425,393.07272390783857,0.3289321075538869,94.89113608078888,False,0.0
1767131,2024-07-28,195.61435915861003,218.66928630295791,500.0,304.38564084139,155.60495770895068,0.39342954709846223,147.9070280721748,False,0.0
75182,2024-09-03,144.1351841176429,174.45235318066025,500.0,355.8648158823571,246.89656315414345,0.3399754275959962,116.29081631995587,False,0.0
1353791,2024-12-16,38.34388828196908,37.34957318629953,390.0,351.6561117180309,917.1112463401228,0.3970549261821802,45.87510881533483,False,0.0
1740004,2024-12-24,503.62952136229586,445.69889673861763,500.0,-3.6295213622958613,-0.7206728772527401,0.26303754276074015,126.98277468657702,False,0.0
739246,2024-10-31,441.6890341488516,440.3937253018874,500.0,58.31096585114841,13.20181425004482,0.15287172579314295,73.52505664024059,False,0.0
1952809,2024-08-13,169.73996956653394,162.14670210969095,500.0,330.26003043346606,194.56821588742665,0.34890449602184886,115.51669942011992,False,0.0
1146221,2024-08-19,188.86871833070143,177.73871009597457,500.0,311.1312816692986,164.73415207092177,0.2798060206645674,96.49277607812724,False,0.0
87307,2024-11-20,50.68425698149155,58.5455795111797,500.0,449.31574301850844,886.4996150236271,0.46962057324192713,83.72377894240121,True,50.68425698149155
542997,2024-08-23,205.13287402043704,207.19850266984898,500.0,294.86712597956296,143.74445216917587,0.5850810223170143,215.22812592252214,False,0.0
1843080,2024-08-10,122.49199316234122,142.19951895272044,500.0,377.5080068376588,308.1899453928711,0.31110000342366156,96.87450504333077,False,0.0
1658832,2024-11-30,191.6212006374435,176.33788414279462,500.0,308.3787993625565,160.9314618302721,0.32492550815438404,111.66684976198067,False,0.0
637752,2024-07-22,182.64119617311988,166.7651171141898,500.0,317.35880382688015,173.76080012423137,0.4579828929954592,153.56016913916966,False,0.0
207654,2024-12-05,33.68165973892562,41.29772126550503,430.0,396.31834026107435,1176.6591769319864,0.3742532565668762,47.813043949077056,False,0.0
1351323,2024-08-31,58.62384837607094,76.23621923815801,500.0,441.37615162392905,752.8952190113978,0.4474196281696203,97.48570596406597,False,0.0
1607677,2024-07-06,113.49870208757136,92.10895626330786,500.0,386.50129791242864,340.5336720187502,0.4033137058733514,99.31786046254662,False,0.0
630464,2024-07-08,203.3587835775128,183.37410352403148,500.0,296.6412164224872,145.87086488419055,0.30188299199837426,105.51958854473658,False,0.0
1872226,2024-11-19,56.187417004881695,69.05453949379266,500.0,443.8125829951183,789.8789562733572,0.3111036521673319,63.16750539906904,False,0.0
1047537,2024-09-05,155.52644049817502,191.8729907244378,500.0,344.473559501825,221.48874390645307,0.3855931586010658,137.39988787846772,True,155.52644049817502
956691,2024-08-04,136.28074542813118,117.03496239881517,500.0,363.7192545718688,266.8896867486532,0.31632404638753486,89.26022209213457,False,0.0
946890,2024-09-11,163.79304521874656,164.99406335337508,500.0,336.20695478125344,205.26326641784277,0.43310643397450377,144.52554212268643,False,0.0
166815,2024-10-10,160.44853633446564,158.83302509634223,500.0,339.55146366553436,211.62640147599524,0.29181402460521466,95.71115084088024,False,0.0
1548862,2024-07-29,269.92891422078304,220.57416699353178,500.0,230.07108577921696,85.23395370346833,0.26186055185924184,98.78529183920412,True,269.92891422078304
1311581,2024-09-14,98.1603098506318,94.03533746926763,500.0,401.8396901493682,409.37084526407676,0.3537148802327772,88.2021237831191,True,98.1603098506318
242926,2024-12-19,67.53836365034573,70.3040490639985,500.0,432.46163634965427,640.3199796023493,0.3974478129166518,81.76820813855858,True,67.53836365034573
678742,2024-07-10,198.1831751228627,188.812866017705,500.0,301.81682487713726,152.29185055190854,0.46678702991297344,165.2063135109983,False,0.0
1846282,2024-07-20,85.30914166029841,77.40564427122605,500.0,414.6908583397016,486.1036581413554,0.35908141572065866,79.05814393225646,False,0.0
1347716,2024-10-04,107.93372121144807,131.86396002840024,500.0,392.0662787885519,363.24725432237494,0.3618971945960321,108.59608462732481,False,0.0
1939781,2024-12-22,152.39254572860798,123.07031023254173,500.0,347.60745427139204,228.10003770816803,0.3108138772813168,90.04966733409162,False,0.0
955046,2024-07-01,82.66348912619088,98.08825377443007,500.0,417.3365108738091,504.8619593551384,0.1482660783821697,37.90999472295196,False,0.0
251695,2024-09-23,71.34089150444906,79.84102755001912,500.0,428.6591084955509,600.8603193146504,0.2874868936263483,64.63119652917257,False,0.0
251696,2024-12-19,65.5258685055136,72.19992068091645,500.0,434.4741314944864,663.0574174807437,0.26583349974276826,55.75183166566299,True,65.5258685055136
577833,2024-08-25,155.0220610118323,183.25624559385778,500.0,344.9779389881677,222.53473907938604,0.39804115772074866,139.0921384703757,False,0.0
261132,2024-08-14,128.65272026594934,139.76681018186787,500.0,371.34727973405063,288.64316196844186,0.2307019237539845,71.24192927064162,False,0.0
586014,2024-12-15,91.57921172809672,91.56892817488978,500.0,408.4207882719033,445.97543543454503,0.44316270395941737,108.73997848860694,False,0.0
1223395,2024-12-10,140.04400245983845,117.36048235647681,500.0,359.95599754016155,257.03064123962685,0.47768263158734464,134.9913546835964,False,0.0
644543,2024-09-23,143.94670246500016,157.663545453554,500.0,356.05329753499984,247.35078430961087,0.35823990335815414,117.10084370189125,False,0.0
67134,2024-11-24,107.55596547720263,99.42285390090366,500.0,392.4440345227974,364.87426130350633,0.3636278379620426,93.7127431965798,True,107.55596547720263
1382412,2024-07-13,57.436463548833125,47.94500680959619,490.0,432.5635364511669,753.1165913155439,0.4050238116153929,60.07331112989748,False,0.0
1275220,2024-08-19,62.44271650645261,62.76242583092996,500.0,437.5572834935474,700.7339013643516,0.3974007895214717,74.99440595649209,False,0.0
540104,2024-07-07,224.3611463675754,228.47984280329146,500.0,275.63885363242457,122.85498540858757,0.47707903058881945,182.49512557771897,False,0.0
188569,2024-11-05,123.22259927200145,126.62207188899117,500.0,376.77740072799855,305.76972321148696,0.450852205131789,132.54595454903375,True,123.22259927200145
1235764,2024-10-19,49.54146611618687,57.48335589479238,500.0,450.4585338838131,909.2555574099837,0.33415530293576223,58.655316779469906,False,0.0
1316457,2024-08-15,57.73990529146185,71.7416441763092,500.0,442.26009470853813,765.9522343794636,0.281775370603869,58.82610148470474,False,0.0
961791,2024-11-26,221.06189259313203,235.19812839298345,500.0,278.93810740686797,126.18100032295392,0.17959803290488982,69.48163409592317,False,0.0
1553350,2024-08-17,212.2936695265432,260.3796989053887,500.0,287.7063304734568,135.52280250046962,0.26588731528095566,106.9212467245822,False,0.0
1457256,2024-10-02,47.038583063500056,51.25709335799788,500.0,452.9614169365,962.9571884106747,0.18963315752076182,30.025923938238254,False,0.0
726464,2024-12-08,66.278937591751,85.50055619328175,500.0,433.721062408249,654.3874693341937,0.2586610846475487,60.80791464012853,False,0.0
543164,2024-12-17,156.226182904083,153.39004898091716,500.0,343.773817095917,220.04878484868394,0.28552586134154617,92.15529562981823,False,0.0
1598180,2024-09-05,164.94838509514597,156.001423374558,500.0,335.05161490485403,203.1251259062577,0.529683011972071,172.29982154449704,False,0.0
1875501,2024-11-06,634.8985385193922,592.1617739711266,500.0,-134.89853851939222,-21.247259260350607,0.2184802034653444,114.78420401027236,False,0.0
519703,2024-11-29,129.16636291615202,98.0830248254183,500.0,370.833637083848,287.09768449900037,0.40471559540359964,103.47806064876148,False,0.0
663042,2024-07-08,86.2184266340907,86.51493458599855,500.0,413.7815733659093,479.9224359799444,0.31056010772611947,73.55813146536663,False,0.0
1322754,2024-11-28,93.73095624382977,102.23286322013962,500.0,406.2690437561702,433.4416931577123,0.34930615307509877,91.48215072971496,False,0.0
786466,2024-09-01,148.4414609120504,127.61388041283674,500.0,351.5585390879496,236.83311719509646,0.2925158693727625,86.33902995408849,True,148.4414609120504
1047607,2024-10-12,136.78473540815548,124.24597774936645,500.0,363.2152645918445,265.53786393491725,0.2047787266933738,59.62097386667761,False,0.0
472935,2024-10-15,102.00669783993112,100.46827299625815,500.0,397.9933021600689,390.16389177169503,0.2543712954613558,65.95468249427688,False,0.0
532842,2024-12-14,65.85350775696509,69.36923751355953,500.0,434.1464922430349,659.2609976757341,0.38330371783134837,78.08866916060734,True,65.85350775696509
1258926,2024-11-12,89.7744308643299,103.28287215363474,500.0,410.22556913567007,456.95145620651897,0.5686321387759206,149.79449055985623,False,0.0
1604959,2024-11-17,240.0099961778816,197.13677642736707,500.0,259.9900038221184,108.32465645698723,0.411943232871433,148.4616440926476,False,0.0
511114,2024-09-12,106.94106149607136,111.2414821110363,500.0,393.05893850392863,367.5472573445217,0.2771480509872519,76.09495733419759,True,106.94106149607136
1557279,2024-09-20,121.17358067473045,108.11191645653602,500.0,378.82641932526957,312.6311999825801,0.3446332363632329,93.14879049942856,False,0.0
1931447,2024-12-24,79.36578619458874,102.39908193121379,500.0,420.63421380541126,529.9943892373244,0.3827437344136826,100.33261373822856,True,79.36578619458874
216223,2024-08-24,229.1871773637164,228.3501808866565,500.0,270.8128226362836,118.16229238973,0.46082486910830267,176.23824773204385,False,0.0
209923,2024-08-21,131.22210683554414,122.916798614358,500.0,368.77789316445586,281.03335791326055,0.46556075229382865,134.7961040652505,False,0.0
1242969,2024-08-20,345.3645993742593,293.05760952963726,500.0,154.63540062574071,44.774537085130675,0.30319144449871965,127.29922317180853,False,0.0
663009,2024-10-20,112.82970583030642,96.28295264944295,500.0,387.1702941696936,343.145709120247,0.36271438406006346,91.7313662452865,False,0.0
750189,2024-11-20,84.39014904416133,96.15556688609122,500.0,415.6098509558387,492.4862151130344,0.3741159034952324,94.54054430375145,True,84.39014904416133
1921286,2024-08-07,196.34873250288,229.93528903112212,500.0,303.65126749712,154.64895730491466,0.2510124748111267,96.25788050218209,False,0.0
898324,2024-12-31,39.16833201805634,42.13900266018382,430.0,390.83166798194367,997.8256613066211,0.4118452569622658,53.68704421696758,False,0.0
542997,2024-10-03,119.75638968851628,124.06276047939613,500.0,380.24361031148374,317.51425648392456,0.30294053694697665,88.13355760126146,False,0.0
975545,2024-08-04,262.1704908435175,282.8149064373621,500.0,237.82950915648252,90.71559060338204,0.38622253413961644,160.09993168091356,False,0.0
993657,2024-11-20,412.157594875228,358.5134596897346,500.0,87.84240512477197,21.312819711927038,0.37930362485084246,170.7259709641445,True,412.157594875228
205197,2024-09-16,112.38266076621218,116.53228883447684,500.0,387.6173392337878,344.90849085709215,0.5329736280901735,150.05022087970258,False,0.0
906270,2024-12-22,134.0978532067401,135.95775263820954,500.0,365.90214679325993,272.8620466646432,0.24482165813394396,74.58746784646351,False,0.0
1359469,2024-08-15,110.1522171538142,136.89719028254132,500.0,389.8477828461858,353.9173272398237,0.29156944945258945,89.13083198423648,False,0.0
1176051,2024-10-20,96.35216803335388,109.96490584044882,500.0,403.6478319666461,418.9296828556227,0.38774008242744545,105.7882809125469,False,0.0
1670272,2024-07-29,92.74309503079272,110.11912144584336,500.0,407.2569049692073,439.12369415101927,0.35068857857552993,95.75312838376979,False,0.0
206176,2024-12-01,509.2757255293134,529.7008722859453,500.0,-9.275725529313377,-1.8213563035372822,0.20194489865191623,102.72041440129233,False,0.0
1574154,2024-11-21,99.2521725366747,75.0111269976241,500.0,400.7478274633253,403.767310297661,0.5612582568373271,120.92547937156426,False,0.0
106236,2024-12-03,29.81302443576635,30.302248811627027,310.0,280.18697556423365,939.8139936050784,0.31981918546760846,29.980623012262893,False,0.0
405185,2024-11-07,1668.4322640257712,1198.118961165368,500.0,-1168.4322640257712,-70.0317471208842,0.5041789768187502,318.1797877046286,False,0.0
593157,2024-08-22,79.30674385665168,89.8203263810794,500.0,420.6932561433483,530.4634078833935,0.44819930320148665,108.67958237460513,False,0.0
1610471,2024-10-25,145.98966109768008,124.66015336410867,500.0,354.0103389023199,242.4900066487965,0.3561979849870788,103.88424273725107,False,0.0
1632739,2024-07-13,183.7550738216854,184.32983781541364,500.0,316.2449261783146,172.1013301026977,0.4165464863833837,145.92364774276516,False,0.0
1553350,2024-09-01,239.10301371059404,247.2501843181881,500.0,260.89698628940596,109.11488828208202,0.279663034713205,110.2904013102298,True,239.10301371059404
1092196,2024-11-19,114.212135583669,150.546969837986,500.0,385.787864416331,337.7818499275958,0.34041752512368534,108.9166056661864,False,0.0
136725,2024-08-03,153.69658469551945,137.26973008334767,500.0,346.30341530448055,225.31627231049066,0.401841211706484,123.00398013969172,True,153.69658469551945
1724696,2024-08-21,314.7948622282115,399.84074796450693,500.0,185.2051377717885,58.83359609520039,0.31602748859910723,147.41694311595097,True,314.7948622282115
1766984,2024-08-22,71.3175646719946,65.43338320138277,500.0,428.6824353280054,601.0895594929686,0.34318882502803666,66.90935332696839,False,0.0
627641,2024-09-21,131.6720252307019,106.32263636248523,500.0,368.32797476929807,279.7313811524904,0.4515620994292746,120.91953236345417,False,0.0
405185,2024-07-07,1827.2416746601348,1803.571242177558,500.0,-1327.2416746601348,-72.63635090344579,0.26766260385540475,185.33959360918135,False,0.0
1068612,2024-09-27,275.3210378922018,264.7512615985399,500.0,224.6789621077982,81.6061728620129,0.29990698045379505,121.35058105125552,False,0.0
1825581,2024-07-24,55.12108212065247,56.46279270041752,500.0,444.8789178793475,807.093948020775,0.36833372572051987,63.66503619470836,False,0.0
1604959,2024-11-16,235.71327977160732,195.30018249349214,500.0,264.2867202283927,112.12211738111296,0.38903976861045514,139.6611729829142,False,0.0
621340,2024-08-25,245.69578278603785,223.4471538193245,500.0,254.30421721396215,103.50369645352069,0.4100898494465598,155.49993019012575,False,0.0
1008091,2024-09-10,612.607176331913,644.6657376500129,500.0,-112.60717633191302,-18.381628665561372,0.23864469444690953,128.41914342641726,False,0.0
1947194,2024-09-01,85.05422275338383,96.93044853635652,500.0,414.94577724661616,487.86028937065066,0.35157257088029986,89.26703194347371,False,0.0
392784,2024-07-23,154.39299636759026,189.2637033690622,500.0,345.6070036324097,223.84888677823378,0.34427157724837426,121.96852750694194,False,0.0
735328,2024-10-15,75.56808311423154,67.23156298912949,500.0,424.4319168857685,561.6549995640108,0.34619237614695975,68.90274095328621,False,0.0
1084850,2024-09-25,152.42874279551137,136.22107433176046,500.0,347.57125720448863,228.0221241939704,0.32365062160470026,98.69746811578607,False,0.0
1665804,2024-07-15,233.6793308237761,269.6515752802615,500.0,266.3206691762239,113.96843196930561,0.398172390883858,162.2068254675253,False,0.0
1290714,2024-08-20,712.2290868561232,595.3051197683745,500.0,-212.22908685612322,-29.79786851909285,0.34119953216513904,179.52892279898919,False,0.0
476113,2024-07-19,374.1085268832152,356.7003987101034,500.0,125.89147311678482,33.65105686459912,0.37347593277035934,167.81887701252384,False,0.0
1865301,2024-11-28,404.829041159461,438.3395445518911,500.0,95.17095884053902,23.50892578456382,0.5627866174517405,270.28269604170237,True,404.829041159461
897042,2024-08-23,231.40363607346129,244.10894452804666,500.0,268.59636392653874,116.07266354331193,0.3383478016412539,132.78492571863708,True,231.40363607346129
948611,2024-09-12,97.2206674632424,90.37268408439826,500.0,402.7793325367576,414.29393877494414,0.4081349331708914,99.34008086010212,False,0.0
1225444,2024-10-13,95.45814935703562,87.24806469998295,500.0,404.5418506429644,423.7897480390951,0.4394465025002387,104.64192058480118,False,0.0
1600706,2024-09-15,115.0562999606683,132.4144742168544,500.0,384.9437000393317,334.5698585570053,0.46698006800028524,140.42059317306206,True,115.0562999606683
367726,2024-11-10,164.64921437813186,161.61583183322932,500.0,335.3507856218681,203.67590995709497,0.5101095633817424,168.63819271668652,False,0.0
1551989,2024-12-20,57.73389713756672,66.76814791598194,500.0,442.2661028624333,766.0423508370029,0.4552517896130918,90.13653379125827,True,57.73389713756672
1338073,2024-12-22,82.53476318597605,85.57660207999191,500.0,417.46523681402397,505.80533668382526,0.40235856892775884,94.64301236056527,False,0.0
1563086,2024-11-03,202.4563926854425,166.4622094383648,500.0,297.5436073145575,146.96676324607466,0.3107348605189819,104.10364592688596,False,0.0
1047537,2024-07-09,163.72233386131606,183.78971484619962,500.0,336.2776661386839,205.3951090286399,0.342348215183174,119.77997967419789,False,0.0
442162,2024-07-18,163.42098709077476,141.5239758474155,500.0,336.57901290922524,205.9582547511276,0.4518770884976948,140.38879280405502,True,163.42098709077476
1849934,2024-07-08,49.408993317677464,57.45474914208655,500.0,450.59100668232253,911.9615204163871,0.27679370326497377,48.56579005284165,False,0.0
407365,2024-08-20,158.30689898411515,166.05359140796696,500.0,341.69310101588485,215.8422047356073,0.41181351553123213,137.81560508893944,False,0.0
1632739,2024-10-26,189.71818562755,159.77021392288898,500.0,310.28181437244996,163.54879915496738,0.32874910006286817,108.115479257712,True,189.71818562755
1671670,2024-12-27,39.68338412749127,37.46598115074964,390.0,350.31661587250875,882.7790864484804,0.30806667564886775,35.70570825594116,True,39.68338412749127
489020,2024-11-14,55.351518511096735,59.36502466282868,500.0,444.64848148890326,803.317584502693,0.3560100278567341,64.21159616712826,False,0.0
1825581,2024-09-21,52.13357465301918,61.35951239505094,500.0,447.8664253469808,859.0748444314546,0.29415324448096763,54.51286660730506,False,0.0
577833,2024-11-13,138.14616474680798,117.09325167760268,500.0,361.853835253192,261.9354912359614,0.38046239989971126,107.38717928059094,True,138.14616474680798
1096121,2024-11-01,212.95146044371276,174.8704926564031,500.0,287.0485395562872,134.79529041885098,0.3574849175394636,122.40842466174573,False,0.0
1137909,2024-07-02,126.30248547896096,144.08410532066688,500.0,373.697514521039,295.8750281943488,0.16504820499712572,51.720886031786534,False,0.0
1202546,2024-11-02,50.16684713475952,48.88134164774881,500.0,449.8331528652405,896.6741554574611,0.3409340580268941,51.55541738276642,False,0.0
1659818,2024-11-21,74.11524113696571,87.44854527563943,500.0,425.8847588630343,574.6250735068041,0.43184523675289627,102.9805660951408,False,0.0
234794,2024-12-23,83.43276844135427,108.0025539458029,500.0,416.56723155864574,499.2849204703726,0.2809049761267499,75.88142762080965,False,0.0
1338073,2024-11-04,89.23556940338074,84.72964885321822,500.0,410.76443059661926,460.31468543647486,0.5712654384034027,133.52108435493264,False,0.0
1258561,2024-07-16,214.6340073451049,187.91828711358394,500.0,285.3659926548951,132.95469631523113,0.41639058670515633,147.07326459817546,False,0.0
1258185,2024-08-15,401.3961343865888,344.2035179405664,500.0,98.60386561341119,24.56522551321951,0.31117300756278643,138.15887080347127,False,0.0
1303920,2024-08-27,343.99140388662397,418.14709447503293,500.0,156.00859611337603,45.35246937879728,0.22456752413823203,106.26170902268892,False,0.0
187633,2024-07-22,140.81566260224952,121.90694609672809,500.0,359.1843373977505,255.07413789068983,0.5297276219590527,152.71914260526802,False,0.0
1441063,2024-10-02,70.45945979499528,71.4992823221576,500.0,429.54054020500473,609.6279214384707,0.29135346020348385,60.67782433879604,False,0.0
1873800,2024-07-16,192.81182540761793,151.70983719201385,500.0,307.1881745923821,159.32019415456725,0.3253512543269486,104.47166882439653,False,0.0
98868,2024-09-14,271.3836008189607,282.27225761068786,500.0,228.6163991810393,84.24105159307275,0.32593910269013393,135.01688153220448,False,0.0
941276,2024-08-20,118.4803441148579,104.43868409637943,500.0,381.51965588514213,322.01092825598744,0.21013257522125744,55.70589497302786,False,0.0
1084850,2024-08-09,126.10838545037343,157.0175627375477,500.0,373.8916145496266,296.48434020809947,0.3696072839564311,120.58897237827179,False,0.0
1128000,2024-07-21,186.60325545455655,201.37770618147192,500.0,313.3967445454434,167.94816563195752,0.3984354982274813,144.86561974962493,False,0.0
1698410,2024-07-18,372.7519876678573,288.77755377385324,500.0,127.24801233214271,34.13744702698346,0.4379054083322339,182.89438501595825,False,0.0
1570607,2024-11-07,93.9472137239332,101.33661255680605,500.0,406.0527862760668,432.21376151640374,0.5101071460816999,132.92165479525062,False,0.0
600072,2024-07-18,135.72154470264505,124.98773116378332,500.0,364.278455297355,268.401347844559,0.46190358341062354,134.89484098877875,False,0.0
1766984,2024-11-18,58.957383891109814,62.85665948176374,500.0,441.0426161088902,748.0701940972571,0.3097525757859813,58.52382103691656,False,0.0
750573,2024-08-28,136.1442077567003,140.86634430842622,500.0,363.8557922432997,267.2576367652282,0.35450897736357584,109.89087518188657,False,0.0
1598180,2024-08-16,153.292430361872,172.39331023042848,500.0,346.707569638128,226.17396620281104,0.3784545011982487,128.77882046827972,False,0.0
625358,2024-07-25,55.57295500018226,66.80055241880031,500.0,444.4270449998177,799.7182172485882,0.4638003397596403,91.8628405243839,True,55.57295500018226
1564963,2024-07-07,158.56553823084909,162.8688580463666,500.0,341.4344617691509,215.32702854517507,0.5176694824941884,171.73715313872097,False,0.0
1939781,2024-10-21,147.0439814384035,135.5243957647487,500.0,352.95601856159647,240.0343183780352,0.4421438880272401,134.49200665508278,False,0.0
967273,2024-07-20,121.34548343157832,131.02697585992001,500.0,378.6545165684217,312.04665048940967,0.2717293403119127,81.27948161989609,False,0.0
447362,2024-07-10,117.6021901286506,115.19039161463711,500.0,382.3978098713494,325.1621500016508,0.3209221716479071,89.79297614858142,True,117.6021901286506
256227,2024-12-05,57.11320671515848,63.34814371248674,500.0,442.88679328484153,775.4542578805936,0.3368540028926488,64.03784104792824,False,0.0
1144913,2024-10-22,82.62735274906771,95.11303810149755,500.0,417.3726472509323,505.1264906410081,0.4234136254064475,106.30590599013969,False,0.0
98914,2024-09-23,127.82734952777024,111.0405202913573,500.0,372.17265047222975,291.1525990698696,0.3774108720238092,103.5211839429094,False,0.0
368818,2024-08-27,269.64305360221283,204.70768151826087,500.0,230.35694639778717,85.43032847329272,0.40561675873023284,148.4744885589952,False,0.0
600072,2024-09-15,168.4616775104772,149.03421006445805,500.0,331.5383224895228,196.8034079851207,0.46219665132639265,147.17966777693076,True,168.4616775104772
556590,2024-12-16,59.020427989787294,52.10138361101232,500.0,440.9795720102127,747.1643073928884,0.381698421478557,61.372339150816536,False,0.0
1686349,2024-11-19,68.58405726418205,78.9214856292981,500.0,431.41594273581796,629.0324019094223,0.3344042618034082,74.59783632724091,False,0.0
1039195,2024-09-26,112.1967168463792,133.9329273604796,500.0,387.8032831536208,345.6458388925985,0.4330532542621765,130.95948526978498,False,0.0
1146581,2024-09-23,83.48725369456142,95.3765418826853,500.0,416.51274630543855,498.8938165689972,0.2717045119721224,68.32925153156565,False,0.0
1047364,2024-12-21,121.55592761901772,93.44292750134028,500.0,378.4440723809823,311.3332930723929,0.3082609762729697,76.57554455525226,False,0.0
1766984,2024-09-07,104.56541498517996,78.79440587782584,500.0,395.4345850148201,378.1695745872237,0.3801598938840556,84.71296252519157,False,0.0
811614,2024-09-18,197.6098409563269,190.2454643613876,500.0,302.39015904367307,153.0238360499988,0.4771394638360142,169.41125745280763,False,0.0
705594,2024-10-16,132.0196565544283,113.16325744432588,500.0,367.9803434455717,278.7314806366451,0.2602969098477896,72.13699758714137,False,0.0
175954,2024-11-20,81.50213385730814,71.5785930227147,500.0,418.49786614269186,513.480870176218,0.3212730909027667,66.96236967002794,False,0.0
440566,2024-12-06,97.2078656459022,89.53103782903133,500.0,402.7921343540978,414.3616688605666,0.35913725177880645,86.90998981236312,False,0.0
1637979,2024-10-08,448.2793449071175,455.5776001283112,500.0,51.72065509288251,11.537594957358323,0.2370004628433681,115.19258066366642,False,0.0
1096121,2024-11-21,180.53194280215232,153.06722371954137,500.0,319.46805719784766,176.95929719648424,0.39549912237058105,127.52488120771521,True,180.53194280215232
1665804,2024-08-28,271.5711380770299,282.4875374584493,500.0,228.4288619229701,84.1138213509925,0.38320262249431897,158.78152043415346,False,0.0
693745,2024-12-28,104.53985730898982,107.63013747738763,500.0,395.46014269101016,378.2864764413667,0.42292720772165104,114.0270495444494,False,0.0
443659,2024-12-28,70.55775463884713,89.15697424700282,500.0,429.44224536115286,608.6393303744873,0.3541655002960374,85.48442070238937,False,0.0
956307,2024-10-26,88.82333944190862,78.55367686069418,500.0,411.1766605580914,462.91511121016254,0.31921838054018364,70.98654207335093,True,88.82333944190862
414037,2024-09-24,160.9317938035919,202.50404782794206,500.0,339.06820619640814,210.6906274904396,0.27320583226928724,99.5624252412998,False,0.0
1085424,2024-11-25,48.14828098477841,45.252278491792175,470.0,421.8517190152216,876.1511530361505,0.25167997650186263,35.23327543297115,False,0.0
1455134,2024-09-27,350.56521440455737,340.4350739375098,500.0,149.43478559544263,42.62681505615463,0.5181051497282533,229.17990105953518,False,0.0
952780,2024-10-04,98.78964926714627,88.38761230368125,500.0,401.2103507328537,406.1258985219226,0.3502421656417438,84.08213213400036,False,0.0
483864,2024-09-27,150.4254488388886,146.9831444178015,500.0,349.5745511611114,232.3905654657671,0.18951876426079373,59.95548777080408,True,150.4254488388886
781190,2024-07-14,39.24345691451459,47.940751388621635,490.0,450.7565430854854,1148.6157910792222,0.4297605548412066,63.736668431504626,False,0.0
1921161,2024-08-06,93.66452642712056,101.3459052435372,500.0,406.33547357287944,433.8200267195554,0.3306425441553887,86.16204328280016,False,0.0
1420779,2024-12-31,223.04827676786385,210.23402961105185,500.0,276.95172323213615,124.16671728890871,0.3197592495631689,118.32434767837871,False,0.0
678359,2024-09-25,137.43552542503414,114.53643031228985,500.0,362.56447457496586,263.8069549002678,0.4149686979007302,115.75249996102147,False,0.0
1280311,2024-11-11,168.47935630932608,136.94414051110448,500.0,331.5206436906739,196.7722639455044,0.34189777288892303,104.53344964953135,False,0.0
661553,2024-08-07,305.05765145412704,280.60532307936364,500.0,194.94234854587296,63.90344501002866,0.28100279066861544,116.1528283373651,False,0.0
1134345,2024-08-05,80.84133315910617,87.10721666971605,500.0,419.15866684089383,518.4954904391984,0.24649739292491105,58.63673710753059,False,0.0
1670278,2024-09-22,145.18762365828994,169.11518159407723,500.0,354.8123763417101,244.38197099829105,0.38563205242423704,130.1106309141314,False,0.0
199781,2024-07-19,152.81791919790396,187.37214946794083,500.0,347.18208080209604,227.18676096648355,0.37982196622817327,133.9910471989797,False,0.0
918310,2024-12-02,191.76419418900588,196.20742926884398,500.0,308.2358058109941,160.73689205357698,0.45600083789194934,164.01650043986612,False,0.0
1258185,2024-11-18,213.2843479964837,260.87508228148505,500.0,286.7156520035163,134.42882925860235,0.4478562004566935,180.22406963740568,False,0.0
1670272,2024-11-22,95.80821097042964,107.12277889788446,500.0,404.1917890295704,421.875938330923,0.29065708004052504,78.15918038225871,False,0.0
726464,2024-08-02,132.80839408882295,120.4076308985707,500.0,367.191605911177,276.48222721946127,0.44828005489385947,128.40588663239268,False,0.0
901447,2024-12-24,85.96562045992964,76.63479850083209,500.0,414.03437954007035,481.6278616090026,0.3181786142016319,69.57499584574973,False,0.0
600130,2024-08-30,208.18144230410712,248.94588839050556,500.0,291.8185576958929,140.17510613151117,0.4033664455055963,159.48872027771844,False,0.0
1144913,2024-10-24,86.90342750530615,95.71536672416865,500.0,413.0965724946939,475.35130011928584,0.44961110470605303,113.3090185447102,False,0.0
1551989,2024-09-09,91.42698614238422,83.79144943420025,500.0,408.57301385761576,446.8844824670506,0.3017934513219042,70.03371457960866,False,0.0
855790,2024-08-11,81.4446154726447,78.03345343645172,500.0,418.5553845273553,513.9141269172522,0.2680604609096539,59.34307176820911,False,0.0
785126,2024-12-07,88.96403220093454,107.62535574828469,500.0,411.0359677990655,462.0248853724367,0.38246186636519786,103.11448263668032,True,88.96403220093454
1125088,2024-07-20,270.384711116079,246.70597403044883,500.0,229.61528888392098,84.92169839638038,0.42651936603722457,168.06499623100004,True,270.384711116079
588274,2024-09-21,109.04175619301334,127.16015973108394,500.0,390.9582438069867,358.53993686139535,0.4488748078272694,132.2501415790602,True,109.04175619301334
1953859,2024-11-09,614.7411137258979,561.2678439309956,500.0,-114.74111372589789,-18.664948734347856,0.34077263377177247,176.29481001153496,True,614.7411137258979
1921286,2024-08-12,263.40186937444884,234.36937146741707,500.0,236.59813062555116,89.82401346939804,0.18487495694235034,71.42524577378384,False,0.0
412511,2024-08-15,126.53321762622872,143.83754842171604,500.0,373.46678237377125,295.1531537568016,0.3904368839084313,122.25026441987299,False,0.0
1260142,2024-09-08,140.58048451113123,125.7310181017311,500.0,359.4195154888688,255.66814393815082,0.23194622152189467,67.94412553151957,False,0.0
610644,2024-10-10,133.21395756705206,128.31543856900538,500.0,366.78604243294797,275.33604521007453,0.4618627739152499,136.70330987125686,False,0.0
1134345,2024-09-30,92.11117415839097,89.73030722902836,500.0,407.88882584160905,442.82230637969997,0.4868203451529514,117.9712097892349,False,0.0
442120,2024-08-07,93.59337287293204,118.91290206987117,500.0,406.40662712706796,434.225858788987,0.4719409089004732,134.2990359567295,False,0.0
1420371,2024-11-20,57.2226440035855,64.41823737853457,500.0,442.7773559964145,773.7799671903846,0.3530845752980205,68.01055155254006,False,0.0
1455134,2024-10-18,268.0863341435596,233.0236349729653,500.0,231.9136658564404,86.50708235364625,0.3922721154174221,151.21296410191192,False,0.0
1275332,2024-08-30,78.09486621060495,99.21303279406668,500.0,421.90513378939505,540.2469512549112,0.34878073783713437,89.77588042941625,True,78.09486621060495
1176051,2024-12-01,85.48197559651258,83.3829496291605,500.0,414.5180244034874,484.9186293495053,0.26189401514768157,60.58272795700112,True,85.48197559651258
1029360,2024-09-28,253.477001708805,260.7120228371919,500.0,246.522998291195,97.2565544918356,0.3202767756735306,128.85415300587488,False,0.0
1085424,2024-12-18,32.59122012223727,38.522400475689345,400.0,367.40877987776275,1127.3244097635873,0.21546670876632895,25.67782327627579,False,0.0
750189,2024-11-03,88.9454347166637,103.42307717733026,500.0,411.0545652833363,462.1423984184837,0.3218221306984626,84.84293485812978,False,0.0
1146581,2024-12-31,67.06804966496973,52.3594047501502,500.0,432.93195033503025,645.511465590082,0.23737708644361408,38.34316972148926,False,0.0
